회원ID,나이,성별,거주지,테니스_경험_연수,주_이용_시간대,선호_코치_스타일,선호_레슨_방식,경기_빈도,최근_경기_성적,선호_훈련_목표,선호_테니스_센터_유형,모바일_앱_사용_빈도,소비_성향
M001,42,F,서울 서초구,1-3년,평일 오전,미입력,1:1,월 1회 미만,3승 3패,취미 유지,시설 완비,주 1-2회,10만 원 미만
M002,36,F,서울 송파구,0-1년,평일 오후,동기부여 중심,1:1,월 2-3회,,대회 준비,접근성,주 1회 미만,10만 원 미만
M003,29,M,경기 용인시,1-3년,주말 저녁,엄격한 피드백,1:1,월 1회 미만,3승 2패,실력 향상,실내 코트,주 1-2회,10-30만 원
M004,25,F,서울 강남구,0-1년,평일 오후,동기부여 중심,온라인,월 2-3회,2승 1패,대회 준비,야외 코트,주 1-2회,30만 원 이상
M005,33,F,부산 남구,0-1년,평일 오전,미입력,1:1,주 1회,1승 2패,실력 향상,야외 코트,주 1-2회,10만 원 미만
M006,18,M,서울 강남구,5년 이상,평일 저녁,엄격한 피드백,1:1,월 1회 미만,,취미 유지,접근성,주 1회 미만,10만 원 미만
M007,30,F,제주 서귀포시,0-1년,주말 저녁,엄격한 피드백,1:1,주 2회,2승 0패,실력 향상,야외 코트,주 1-2회,10만 원 미만
M008,41,F,광주 북구,1-3년,주말 오전,엄격한 피드백,그룹,월 2-3회,,대회 준비,접근성,매일,10-30만 원
M009,31,M,서울 송파구,3-5년,주말 오전,엄격한 피드백,온라인,월 2-3회,2승 1패,실력 향상,야외 코트,주 1-2회,10-30만 원
M010,32,F,서울 마포구,3-5년,주말 오전,친절한 지도,1:1,월 1회 미만,,실력 향상,실내 코트,미사용,10만 원 미만
M011,35,M,서울 영등포구,1-3년,주말 저녁,엄격한 피드백,1:1,주 2회,1승 2패,취미 유지,야외 코트,주 1회 미만,10-30만 원
M012,27,M,부산 해운대구,1-3년,평일 오전,미입력,그룹,월 1회 미만,,대회 준비,실내 코트,주 1회 미만,10-30만 원
M013,35,F,대구 수성구,3-5년,주말 저녁,동기부여 중심,그룹,주 1회,0승 2패,대회 준비,실내 코트,주 1회 미만,10-30만 원
M014,36,M,서울 강남구,3-5년,주말 저녁,동기부여 중심,그룹,주 2회,,실력 향상,접근성,미사용,10-30만 원
M015,21,F,부산 해운대구,3-5년,평일 오후,친절한 지도,온라인,주 1회,0승 1패,대회 준비,야외 코트,매일,30만 원 이상
M016,18,기타,대전 서구,1-3년,평일 오후,미입력,그룹,주 2회,3승 0패,체력 증진,접근성,주 1회 미만,30만 원 이상
M017,31,M,대구 수성구,0-1년,주말 오전,친절한 지도,1:1,주 2회,0승 1패,체력 증진,접근성,주 1-2회,10-30만 원
M018,39,F,광주 광산구,3-5년,주말 오전,엄격한 피드백,그룹,월 2-3회,2승 2패,대회 준비,실내 코트,미사용,10만 원 미만
M019,33,M,경기 성남시,5년 이상,평일 오후,엄격한 피드백,온라인,월 1회 미만,2승 0패,체력 증진,실내 코트,미사용,30만 원 이상
M020,27,F,서울 강남구,0-1년,주말 오전,친절한 지도,1:1,월 1회 미만,1승 1패,대회 준비,접근성,미사용,10만 원 미만
M021,50,M,서울 강남구,0-1년,평일 오후,친절한 지도,1:1,주 2회,1승 1패,실력 향상,접근성,주 1-2회,30만 원 이상
M022,18,F,경기 용인시,1-3년,평일 오후,엄격한 피드백,그룹,주 1회,3승 3패,실력 향상,접근성,주 1-2회,10만 원 미만
M023,25,F,인천 연수구,0-1년,주말 저녁,엄격한 피드백,1:1,월 2-3회,,취미 유지,미입력,주 1-2회,10-30만 원
M024,31,F,부산 해운대구,1-3년,평일 오후,동기부여 중심,1:1,월 1회 미만,1승 1패,실력 향상,실내 코트,미사용,10만 원 미만
M025,37,F,서울 서초구,1-3년,주말 오전,친절한 지도,1:1,주 2회,2승 3패,대회 준비,실내 코트,매일,10만 원 미만
M026,46,M,서울 마포구,0-1년,평일 오후,동기부여 중심,그룹,월 1회 미만,3승 2패,취미 유지,실내 코트,주 1회 미만,10-30만 원
M027,32,F,광주 광산구,1-3년,주말 오전,친절한 지도,온라인,주 2회,2승 0패,취미 유지,시설 완비,매일,10만 원 미만
M028,23,F,경기 용인시,0-1년,평일 저녁,엄격한 피드백,1:1,월 1회 미만,2승 0패,취미 유지,실내 코트,매일,30만 원 이상
M029,25,F,서울 강남구,0-1년,평일 저녁,미입력,그룹,월 1회 미만,,대회 준비,미입력,매일,30만 원 이상
M030,18,F,부산 수영구,1-3년,주말 오전,친절한 지도,1:1,월 1회 미만,3승 2패,취미 유지,시설 완비,주 1-2회,30만 원 이상
M031,27,F,부산 해운대구,1-3년,평일 저녁,미입력,온라인,주 1회,0승 1패,체력 증진,접근성,주 1-2회,10-30만 원
M032,18,M,인천 남동구,1-3년,평일 저녁,동기부여 중심,1:1,월 2-3회,3승 1패,취미 유지,미입력,매일,30만 원 이상
M033,29,M,서울 송파구,3-5년,평일 오전,친절한 지도,온라인,주 2회,3승 0패,대회 준비,미입력,주 1회 미만,30만 원 이상
M034,37,M,인천 연수구,1-3년,주말 저녁,친절한 지도,그룹,주 1회,,대회 준비,시설 완비,주 1-2회,10만 원 미만
M035,21,F,대전 유성구,1-3년,평일 오전,동기부여 중심,1:1,주 1회,,취미 유지,시설 완비,미사용,30만 원 이상
M036,19,M,부산 남구,0-1년,평일 저녁,엄격한 피드백,온라인,월 2-3회,,체력 증진,미입력,매일,30만 원 이상
M037,28,F,부산 해운대구,0-1년,주말 오전,엄격한 피드백,1:1,주 2회,3승 1패,체력 증진,접근성,주 1회 미만,10-30만 원
M038,49,M,대구 수성구,3-5년,주말 저녁,엄격한 피드백,그룹,주 1회,1승 3패,취미 유지,실내 코트,주 1회 미만,10-30만 원
M039,21,M,경기 성남시,0-1년,평일 오전,친절한 지도,온라인,월 2-3회,0승 0패,대회 준비,접근성,매일,10-30만 원
M040,28,F,인천 남동구,5년 이상,평일 저녁,동기부여 중심,1:1,월 2-3회,1승 3패,체력 증진,접근성,주 1-2회,10-30만 원
M041,40,기타,부산 해운대구,5년 이상,평일 저녁,동기부여 중심,그룹,월 2-3회,1승 3패,대회 준비,실내 코트,주 1회 미만,10만 원 미만
M042,33,F,서울 마포구,5년 이상,주말 저녁,엄격한 피드백,1:1,주 2회,1승 0패,대회 준비,실내 코트,미사용,10만 원 미만
M043,18,F,서울 마포구,5년 이상,주말 저녁,친절한 지도,그룹,주 2회,3승 0패,체력 증진,미입력,미사용,30만 원 이상
M044,36,F,부산 수영구,1-3년,평일 오후,친절한 지도,온라인,월 2-3회,3승 3패,체력 증진,실내 코트,미사용,10-30만 원
M045,41,F,대구 수성구,1-3년,평일 오전,엄격한 피드백,그룹,주 2회,,실력 향상,접근성,매일,10만 원 미만
M046,29,M,대전 서구,1-3년,평일 저녁,미입력,1:1,주 2회,,실력 향상,야외 코트,주 1-2회,10-30만 원
M047,31,M,대구 달서구,1-3년,주말 저녁,친절한 지도,1:1,월 2-3회,2승 1패,체력 증진,야외 코트,주 1-2회,10-30만 원
M048,35,F,인천 연수구,3-5년,평일 오전,미입력,온라인,주 2회,1승 2패,실력 향상,접근성,미사용,30만 원 이상
M049,26,F,대구 달서구,1-3년,평일 오후,미입력,그룹,주 1회,0승 0패,실력 향상,미입력,주 1-2회,30만 원 이상
M050,30,F,부산 남구,1-3년,평일 저녁,엄격한 피드백,그룹,주 1회,3승 3패,실력 향상,실내 코트,주 1-2회,30만 원 이상
M051,18,M,서울 마포구,1-3년,평일 저녁,엄격한 피드백,그룹,월 1회 미만,2승 1패,취미 유지,접근성,매일,10만 원 미만
M052,21,M,서울 서초구,5년 이상,주말 저녁,친절한 지도,1:1,주 1회,2승 3패,대회 준비,시설 완비,매일,30만 원 이상
M053,24,기타,부산 수영구,3-5년,주말 오전,미입력,1:1,주 1회,,취미 유지,야외 코트,미사용,10-30만 원
M054,21,M,광주 북구,3-5년,평일 오후,친절한 지도,그룹,주 1회,0승 2패,체력 증진,실내 코트,매일,30만 원 이상
M055,46,F,대구 수성구,3-5년,주말 오전,친절한 지도,그룹,월 1회 미만,,취미 유지,접근성,미사용,10-30만 원
M056,18,M,부산 남구,1-3년,평일 저녁,동기부여 중심,그룹,주 2회,,대회 준비,실내 코트,주 1회 미만,30만 원 이상
M057,35,M,부산 해운대구,1-3년,평일 오전,미입력,그룹,월 2-3회,,취미 유지,실내 코트,주 1-2회,10만 원 미만
M058,23,F,인천 연수구,3-5년,평일 오전,미입력,그룹,월 1회 미만,1승 2패,체력 증진,실내 코트,주 1-2회,10만 원 미만
M059,40,M,경기 용인시,3-5년,평일 저녁,엄격한 피드백,온라인,주 1회,1승 1패,체력 증진,실내 코트,매일,10만 원 미만
M060,39,F,서울 서초구,3-5년,평일 오전,동기부여 중심,그룹,월 1회 미만,,실력 향상,접근성,주 1회 미만,30만 원 이상
M061,37,F,서울 마포구,0-1년,평일 오전,엄격한 피드백,1:1,주 1회,2승 3패,체력 증진,미입력,주 1회 미만,10만 원 미만
M062,37,M,서울 마포구,3-5년,평일 오후,엄격한 피드백,온라인,주 1회,2승 2패,실력 향상,야외 코트,주 1회 미만,10-30만 원
M063,20,F,제주 서귀포시,1-3년,평일 오후,엄격한 피드백,1:1,주 1회,,체력 증진,미입력,매일,30만 원 이상
M064,18,F,서울 강남구,5년 이상,주말 오전,친절한 지도,온라인,주 2회,,대회 준비,접근성,매일,10만 원 미만
M065,44,M,광주 광산구,5년 이상,평일 오후,동기부여 중심,1:1,월 1회 미만,1승 1패,대회 준비,실내 코트,주 1회 미만,10-30만 원
M066,45,M,서울 영등포구,0-1년,주말 저녁,엄격한 피드백,그룹,주 2회,1승 0패,취미 유지,야외 코트,주 1회 미만,10-30만 원
M067,38,기타,광주 광산구,5년 이상,평일 저녁,엄격한 피드백,온라인,주 2회,1승 1패,실력 향상,시설 완비,매일,10만 원 미만
M068,20,M,광주 광산구,3-5년,평일 저녁,엄격한 피드백,그룹,월 1회 미만,1승 3패,취미 유지,야외 코트,주 1-2회,30만 원 이상
M069,31,M,서울 송파구,1-3년,주말 저녁,친절한 지도,그룹,주 1회,0승 0패,실력 향상,시설 완비,미사용,10-30만 원
M070,28,F,광주 광산구,0-1년,평일 오후,친절한 지도,온라인,주 1회,0승 1패,대회 준비,접근성,매일,10만 원 미만
M071,32,F,서울 강남구,3-5년,주말 오전,엄격한 피드백,1:1,월 1회 미만,,대회 준비,미입력,매일,30만 원 이상
M072,29,M,서울 강남구,1-3년,평일 오후,친절한 지도,온라인,주 2회,,취미 유지,시설 완비,주 1-2회,30만 원 이상
M073,25,F,광주 북구,3-5년,주말 저녁,동기부여 중심,온라인,월 1회 미만,3승 1패,실력 향상,시설 완비,주 1회 미만,10-30만 원
M074,39,M,경기 성남시,1-3년,주말 오전,친절한 지도,그룹,월 1회 미만,,실력 향상,시설 완비,매일,10-30만 원
M075,39,M,서울 송파구,1-3년,주말 오전,동기부여 중심,그룹,월 1회 미만,1승 0패,체력 증진,접근성,매일,10-30만 원
M076,34,F,서울 마포구,3-5년,평일 저녁,엄격한 피드백,1:1,주 2회,2승 3패,체력 증진,시설 완비,미사용,30만 원 이상
M077,26,M,대전 유성구,1-3년,평일 저녁,엄격한 피드백,온라인,월 1회 미만,3승 3패,취미 유지,야외 코트,주 1회 미만,10만 원 미만
M078,36,M,부산 수영구,3-5년,평일 오후,미입력,온라인,주 1회,1승 1패,취미 유지,실내 코트,주 1회 미만,10만 원 미만
M079,34,M,서울 강남구,5년 이상,주말 오전,엄격한 피드백,1:1,월 1회 미만,2승 2패,대회 준비,시설 완비,매일,10만 원 미만
M080,38,M,경기 용인시,0-1년,평일 저녁,친절한 지도,1:1,주 1회,,취미 유지,실내 코트,주 1-2회,10-30만 원
M081,30,M,제주 서귀포시,5년 이상,주말 오전,엄격한 피드백,그룹,주 1회,2승 3패,대회 준비,미입력,주 1-2회,30만 원 이상
M082,28,F,광주 북구,3-5년,주말 오전,동기부여 중심,그룹,주 1회,1승 0패,실력 향상,시설 완비,주 1-2회,10-30만 원
M083,42,기타,서울 송파구,1-3년,주말 오전,친절한 지도,온라인,월 1회 미만,,실력 향상,미입력,매일,10-30만 원
M084,32,F,서울 강남구,5년 이상,주말 오전,친절한 지도,온라인,월 1회 미만,,취미 유지,미입력,주 1-2회,10만 원 미만
M085,35,M,서울 마포구,1-3년,주말 오전,친절한 지도,1:1,주 1회,1승 1패,체력 증진,시설 완비,주 1-2회,10만 원 미만
M086,25,M,부산 남구,0-1년,평일 오후,미입력,그룹,주 1회,3승 0패,실력 향상,야외 코트,주 1회 미만,10만 원 미만
M087,41,M,부산 수영구,0-1년,평일 오후,미입력,그룹,월 2-3회,,체력 증진,실내 코트,주 1회 미만,30만 원 이상
M088,47,기타,부산 수영구,1-3년,평일 저녁,동기부여 중심,1:1,주 1회,0승 1패,대회 준비,미입력,매일,10만 원 미만
M089,20,F,대전 유성구,3-5년,평일 오후,동기부여 중심,1:1,주 1회,1승 3패,실력 향상,야외 코트,미사용,10-30만 원
M090,27,M,대전 유성구,3-5년,평일 오전,친절한 지도,1:1,월 1회 미만,,대회 준비,야외 코트,주 1회 미만,30만 원 이상
M091,22,M,서울 송파구,1-3년,평일 오전,친절한 지도,온라인,월 1회 미만,3승 3패,체력 증진,야외 코트,주 1회 미만,10만 원 미만
M092,31,F,서울 마포구,3-5년,주말 저녁,친절한 지도,그룹,월 1회 미만,1승 3패,실력 향상,실내 코트,매일,10만 원 미만
M093,18,F,서울 영등포구,3-5년,평일 오전,친절한 지도,그룹,주 2회,,실력 향상,실내 코트,미사용,10만 원 미만
M094,24,F,부산 해운대구,1-3년,주말 저녁,엄격한 피드백,온라인,주 1회,0승 0패,취미 유지,미입력,주 1회 미만,30만 원 이상
M095,29,F,대전 유성구,0-1년,평일 오전,친절한 지도,온라인,주 2회,2승 3패,체력 증진,야외 코트,주 1-2회,10만 원 미만
M096,39,M,광주 광산구,1-3년,주말 저녁,엄격한 피드백,1:1,주 1회,,실력 향상,실내 코트,주 1-2회,10-30만 원
M097,46,F,경기 성남시,5년 이상,평일 저녁,엄격한 피드백,온라인,월 2-3회,1승 2패,취미 유지,접근성,주 1-2회,10만 원 미만
M098,38,M,대전 유성구,5년 이상,주말 저녁,친절한 지도,그룹,주 2회,2승 2패,취미 유지,야외 코트,미사용,10-30만 원
M099,41,F,서울 마포구,5년 이상,평일 저녁,엄격한 피드백,1:1,월 2-3회,3승 3패,실력 향상,접근성,미사용,10-30만 원
M100,24,M,부산 해운대구,0-1년,주말 저녁,엄격한 피드백,1:1,주 1회,2승 0패,취미 유지,시설 완비,미사용,10만 원 미만
M101,31,F,인천 남동구,0-1년,평일 오전,엄격한 피드백,그룹,월 1회 미만,1승 0패,실력 향상,시설 완비,주 1-2회,10만 원 미만
M102,35,F,서울 마포구,1-3년,평일 오후,엄격한 피드백,온라인,월 2-3회,0승 2패,대회 준비,실내 코트,미사용,10-30만 원
M103,35,F,인천 남동구,1-3년,평일 오전,친절한 지도,1:1,주 1회,1승 2패,취미 유지,실내 코트,미사용,10만 원 미만
M104,20,F,인천 연수구,0-1년,평일 오후,미입력,1:1,월 2-3회,2승 1패,대회 준비,미입력,주 1회 미만,10-30만 원
M105,32,M,부산 남구,1-3년,평일 오전,엄격한 피드백,그룹,월 2-3회,,실력 향상,야외 코트,미사용,30만 원 이상
M106,39,M,인천 연수구,3-5년,평일 저녁,동기부여 중심,1:1,월 2-3회,3승 3패,실력 향상,실내 코트,미사용,10만 원 미만
M107,28,M,광주 북구,3-5년,평일 저녁,동기부여 중심,1:1,월 1회 미만,,대회 준비,접근성,매일,10-30만 원
M108,38,M,서울 서초구,3-5년,평일 저녁,친절한 지도,1:1,주 2회,1승 1패,취미 유지,접근성,주 1회 미만,10만 원 미만
M109,20,M,서울 강남구,3-5년,평일 저녁,엄격한 피드백,1:1,월 2-3회,,취미 유지,실내 코트,미사용,10-30만 원
M110,35,M,서울 강남구,3-5년,평일 오후,미입력,그룹,주 1회,2승 0패,대회 준비,미입력,주 1-2회,10-30만 원
M111,43,M,부산 남구,3-5년,평일 오후,동기부여 중심,그룹,주 2회,1승 1패,취미 유지,시설 완비,주 1회 미만,10만 원 미만
M112,26,F,대구 달서구,5년 이상,평일 오후,친절한 지도,1:1,주 2회,3승 3패,체력 증진,미입력,주 1-2회,10만 원 미만
M113,32,F,경기 용인시,1-3년,주말 오전,엄격한 피드백,온라인,월 2-3회,2승 3패,실력 향상,미입력,주 1-2회,30만 원 이상
M114,38,M,서울 서초구,0-1년,주말 오전,동기부여 중심,온라인,월 1회 미만,1승 3패,체력 증진,야외 코트,주 1-2회,10-30만 원
M115,18,F,인천 남동구,0-1년,주말 오전,동기부여 중심,그룹,월 1회 미만,3승 0패,취미 유지,야외 코트,미사용,10만 원 미만
M116,40,F,서울 마포구,0-1년,주말 오전,엄격한 피드백,그룹,월 2-3회,,취미 유지,야외 코트,주 1-2회,10-30만 원
M117,29,F,대구 수성구,0-1년,주말 저녁,친절한 지도,1:1,월 1회 미만,,실력 향상,접근성,주 1회 미만,10만 원 미만
M118,24,M,대전 서구,1-3년,평일 오전,미입력,1:1,월 2-3회,2승 0패,대회 준비,시설 완비,매일,10만 원 미만
M119,40,F,대전 유성구,1-3년,평일 오후,친절한 지도,그룹,주 1회,0승 0패,실력 향상,미입력,주 1회 미만,10-30만 원
M120,34,F,서울 송파구,0-1년,주말 오전,친절한 지도,온라인,주 2회,2승 3패,대회 준비,실내 코트,주 1회 미만,30만 원 이상
M121,28,F,서울 서초구,0-1년,평일 오후,엄격한 피드백,그룹,주 2회,,대회 준비,실내 코트,미사용,10-30만 원
M122,23,M,서울 서초구,5년 이상,평일 오후,엄격한 피드백,온라인,주 2회,,실력 향상,시설 완비,주 1회 미만,10-30만 원
M123,18,F,경기 성남시,1-3년,주말 오전,동기부여 중심,온라인,주 1회,2승 3패,실력 향상,야외 코트,주 1-2회,10만 원 미만
M124,23,기타,서울 강남구,1-3년,주말 저녁,엄격한 피드백,1:1,월 2-3회,1승 0패,취미 유지,실내 코트,주 1회 미만,10만 원 미만
M125,48,기타,인천 연수구,3-5년,주말 저녁,엄격한 피드백,그룹,주 2회,3승 3패,체력 증진,실내 코트,미사용,10-30만 원
M126,21,M,서울 서초구,3-5년,평일 오전,친절한 지도,1:1,월 1회 미만,,실력 향상,실내 코트,매일,10만 원 미만
M127,28,F,서울 송파구,5년 이상,주말 저녁,친절한 지도,1:1,주 2회,3승 0패,체력 증진,시설 완비,주 1-2회,10-30만 원
M128,44,M,인천 남동구,1-3년,주말 저녁,친절한 지도,1:1,월 2-3회,1승 1패,체력 증진,접근성,주 1회 미만,10만 원 미만
M129,18,F,서울 강남구,1-3년,평일 저녁,엄격한 피드백,그룹,주 1회,1승 2패,대회 준비,실내 코트,주 1-2회,10-30만 원
M130,30,M,서울 강남구,1-3년,주말 저녁,동기부여 중심,온라인,월 1회 미만,1승 2패,실력 향상,시설 완비,매일,10만 원 미만
M131,42,F,광주 광산구,0-1년,주말 오전,동기부여 중심,그룹,월 1회 미만,1승 2패,실력 향상,접근성,주 1-2회,10만 원 미만
M132,23,F,광주 북구,5년 이상,주말 저녁,친절한 지도,1:1,주 2회,0승 2패,실력 향상,실내 코트,주 1회 미만,10-30만 원
M133,35,M,인천 남동구,1-3년,주말 오전,엄격한 피드백,그룹,주 1회,3승 3패,취미 유지,미입력,미사용,10만 원 미만
M134,38,M,대전 유성구,3-5년,평일 오전,친절한 지도,그룹,월 1회 미만,2승 0패,취미 유지,미입력,주 1회 미만,10만 원 미만
M135,28,M,서울 강남구,5년 이상,평일 저녁,엄격한 피드백,1:1,주 1회,,대회 준비,실내 코트,미사용,30만 원 이상
M136,56,F,서울 강남구,1-3년,주말 오전,엄격한 피드백,1:1,월 1회 미만,2승 3패,체력 증진,시설 완비,미사용,10-30만 원
M137,54,M,인천 연수구,0-1년,평일 오후,미입력,온라인,월 2-3회,3승 2패,대회 준비,야외 코트,미사용,30만 원 이상
M138,44,M,대구 수성구,1-3년,평일 저녁,엄격한 피드백,1:1,월 2-3회,0승 2패,실력 향상,접근성,주 1회 미만,10-30만 원
M139,33,F,경기 용인시,3-5년,평일 오후,동기부여 중심,1:1,주 2회,,체력 증진,미입력,매일,30만 원 이상
M140,35,M,부산 수영구,0-1년,주말 오전,친절한 지도,1:1,주 1회,3승 0패,체력 증진,실내 코트,주 1회 미만,10만 원 미만
M141,29,M,서울 강남구,5년 이상,평일 오전,동기부여 중심,그룹,주 1회,0승 0패,실력 향상,실내 코트,매일,10만 원 미만
M142,30,M,서울 마포구,0-1년,주말 오전,친절한 지도,1:1,월 2-3회,0승 1패,취미 유지,실내 코트,주 1회 미만,10-30만 원
M143,39,M,서울 강남구,0-1년,주말 오전,동기부여 중심,1:1,월 1회 미만,,실력 향상,시설 완비,주 1-2회,10-30만 원
M144,24,M,서울 마포구,0-1년,평일 오후,친절한 지도,1:1,월 1회 미만,1승 0패,체력 증진,야외 코트,미사용,10-30만 원
M145,35,M,강원 원주시,0-1년,주말 저녁,엄격한 피드백,온라인,주 2회,,체력 증진,실내 코트,주 1회 미만,10-30만 원
M146,23,F,서울 마포구,3-5년,주말 오전,엄격한 피드백,온라인,월 2-3회,3승 2패,취미 유지,접근성,매일,30만 원 이상
M147,18,M,서울 강남구,3-5년,평일 저녁,동기부여 중심,1:1,월 2-3회,0승 2패,취미 유지,접근성,매일,30만 원 이상
M148,18,F,대구 수성구,1-3년,주말 오전,엄격한 피드백,그룹,주 2회,,실력 향상,시설 완비,미사용,30만 원 이상
M149,43,기타,경기 용인시,5년 이상,평일 오후,동기부여 중심,1:1,월 2-3회,0승 1패,실력 향상,실내 코트,매일,10-30만 원
M150,36,F,대구 수성구,0-1년,주말 저녁,친절한 지도,1:1,주 1회,0승 3패,체력 증진,시설 완비,미사용,10만 원 미만
M151,33,F,대구 수성구,3-5년,평일 오전,엄격한 피드백,온라인,월 1회 미만,,대회 준비,미입력,미사용,30만 원 이상
M152,18,F,경기 용인시,5년 이상,주말 오전,동기부여 중심,그룹,월 2-3회,1승 0패,취미 유지,야외 코트,미사용,10만 원 미만
M153,31,M,대구 수성구,1-3년,주말 저녁,친절한 지도,온라인,주 1회,0승 3패,실력 향상,야외 코트,매일,10만 원 미만
M154,39,M,서울 마포구,1-3년,평일 오전,친절한 지도,그룹,월 2-3회,,대회 준비,실내 코트,주 1-2회,10만 원 미만
M155,32,M,서울 송파구,0-1년,평일 오전,친절한 지도,1:1,월 1회 미만,,취미 유지,시설 완비,매일,10만 원 미만
M156,39,M,부산 남구,1-3년,평일 오후,엄격한 피드백,그룹,월 2-3회,3승 1패,취미 유지,시설 완비,미사용,10만 원 미만
M157,28,F,서울 마포구,3-5년,평일 오전,엄격한 피드백,온라인,주 2회,1승 2패,실력 향상,야외 코트,미사용,10만 원 미만
M158,18,F,서울 서초구,5년 이상,평일 오전,친절한 지도,온라인,주 1회,2승 0패,대회 준비,시설 완비,주 1회 미만,10-30만 원
M159,33,M,서울 영등포구,0-1년,주말 오전,엄격한 피드백,1:1,월 1회 미만,1승 3패,체력 증진,실내 코트,미사용,30만 원 이상
M160,30,M,대구 달서구,3-5년,주말 저녁,미입력,1:1,월 2-3회,1승 1패,취미 유지,접근성,주 1회 미만,30만 원 이상
M161,18,F,대전 유성구,0-1년,주말 오전,동기부여 중심,1:1,주 2회,2승 1패,취미 유지,접근성,주 1-2회,10-30만 원
M162,36,F,부산 해운대구,5년 이상,평일 오전,친절한 지도,그룹,월 2-3회,1승 1패,대회 준비,접근성,매일,30만 원 이상
M163,40,M,대구 수성구,0-1년,주말 오전,친절한 지도,그룹,월 1회 미만,1승 3패,대회 준비,접근성,매일,10-30만 원
M164,47,F,서울 강남구,5년 이상,주말 저녁,동기부여 중심,1:1,월 1회 미만,3승 3패,실력 향상,실내 코트,매일,10-30만 원
M165,27,M,대전 서구,5년 이상,평일 저녁,친절한 지도,그룹,주 1회,0승 1패,체력 증진,야외 코트,미사용,10만 원 미만
M166,26,M,서울 강남구,0-1년,평일 저녁,친절한 지도,1:1,주 2회,0승 0패,실력 향상,시설 완비,매일,10만 원 미만
M167,23,F,광주 광산구,1-3년,평일 오전,엄격한 피드백,1:1,주 2회,0승 1패,체력 증진,미입력,주 1-2회,30만 원 이상
M168,37,F,대전 유성구,3-5년,평일 오후,친절한 지도,온라인,월 2-3회,3승 0패,체력 증진,접근성,주 1회 미만,10만 원 미만
M169,41,F,광주 북구,0-1년,주말 저녁,친절한 지도,1:1,주 2회,1승 0패,대회 준비,야외 코트,주 1-2회,10만 원 미만
M170,37,F,부산 수영구,3-5년,평일 오전,친절한 지도,1:1,월 1회 미만,3승 3패,취미 유지,실내 코트,매일,10만 원 미만
M171,45,F,서울 마포구,1-3년,평일 오후,엄격한 피드백,온라인,주 1회,,취미 유지,야외 코트,주 1회 미만,10만 원 미만
M172,19,M,서울 영등포구,0-1년,주말 저녁,미입력,1:1,주 1회,2승 1패,체력 증진,야외 코트,미사용,10만 원 미만
M173,37,F,서울 송파구,1-3년,평일 저녁,친절한 지도,그룹,월 2-3회,,체력 증진,시설 완비,미사용,30만 원 이상
M174,44,M,서울 강남구,5년 이상,평일 오전,동기부여 중심,1:1,월 1회 미만,3승 2패,취미 유지,실내 코트,미사용,30만 원 이상
M175,27,M,인천 연수구,3-5년,평일 오후,친절한 지도,1:1,월 1회 미만,,실력 향상,야외 코트,주 1-2회,30만 원 이상
M176,24,M,대구 수성구,3-5년,평일 오후,친절한 지도,온라인,월 1회 미만,1승 1패,취미 유지,실내 코트,주 1-2회,30만 원 이상
M177,20,M,서울 마포구,1-3년,평일 저녁,친절한 지도,1:1,월 1회 미만,3승 1패,체력 증진,접근성,매일,10만 원 미만
M178,48,F,부산 해운대구,0-1년,평일 오후,친절한 지도,그룹,월 2-3회,,실력 향상,접근성,매일,30만 원 이상
M179,32,M,서울 송파구,3-5년,평일 저녁,친절한 지도,그룹,주 2회,0승 0패,대회 준비,실내 코트,매일,10만 원 미만
M180,31,F,부산 남구,1-3년,주말 저녁,엄격한 피드백,온라인,월 1회 미만,3승 2패,체력 증진,야외 코트,주 1회 미만,30만 원 이상
M181,21,F,대전 서구,0-1년,주말 오전,동기부여 중심,그룹,주 1회,3승 3패,체력 증진,실내 코트,매일,30만 원 이상
M182,22,F,부산 남구,0-1년,평일 저녁,미입력,그룹,주 1회,,대회 준비,접근성,주 1회 미만,10-30만 원
M183,28,M,경기 성남시,1-3년,주말 오전,미입력,온라인,주 2회,3승 2패,취미 유지,시설 완비,주 1-2회,30만 원 이상
M184,26,F,서울 강남구,1-3년,평일 오후,친절한 지도,온라인,주 2회,0승 3패,대회 준비,시설 완비,미사용,30만 원 이상
M185,42,M,대전 유성구,3-5년,평일 오후,친절한 지도,그룹,주 1회,,대회 준비,접근성,주 1회 미만,10-30만 원
M186,33,M,대전 서구,1-3년,평일 저녁,동기부여 중심,온라인,월 2-3회,,대회 준비,야외 코트,주 1회 미만,10-30만 원
M187,44,F,대구 수성구,3-5년,평일 오전,동기부여 중심,온라인,월 1회 미만,2승 3패,실력 향상,야외 코트,매일,30만 원 이상
M188,24,F,서울 강남구,5년 이상,평일 오후,엄격한 피드백,그룹,주 2회,0승 0패,체력 증진,미입력,매일,10-30만 원
M189,21,F,서울 송파구,3-5년,주말 오전,친절한 지도,온라인,월 1회 미만,2승 2패,대회 준비,시설 완비,주 1-2회,10만 원 미만
M190,21,M,경기 용인시,0-1년,주말 저녁,친절한 지도,1:1,월 2-3회,3승 2패,취미 유지,접근성,미사용,30만 원 이상
M191,32,M,서울 송파구,3-5년,주말 오전,동기부여 중심,그룹,월 1회 미만,1승 1패,대회 준비,미입력,주 1-2회,10만 원 미만
M192,24,M,대전 유성구,0-1년,평일 저녁,엄격한 피드백,그룹,주 2회,3승 2패,실력 향상,시설 완비,주 1-2회,30만 원 이상
M193,34,F,서울 송파구,1-3년,주말 오전,동기부여 중심,온라인,주 1회,2승 1패,대회 준비,시설 완비,주 1회 미만,10-30만 원
M194,30,F,서울 송파구,5년 이상,평일 오후,미입력,온라인,주 1회,,실력 향상,시설 완비,매일,30만 원 이상
M195,22,F,서울 마포구,5년 이상,주말 오전,친절한 지도,1:1,주 2회,3승 2패,실력 향상,실내 코트,미사용,30만 원 이상
M196,29,M,대구 수성구,1-3년,주말 저녁,엄격한 피드백,그룹,월 2-3회,2승 3패,취미 유지,실내 코트,주 1회 미만,30만 원 이상
M197,25,F,경기 성남시,5년 이상,주말 오전,친절한 지도,1:1,월 1회 미만,,대회 준비,시설 완비,주 1-2회,10-30만 원
M198,34,M,인천 연수구,3-5년,주말 저녁,미입력,1:1,월 1회 미만,,취미 유지,접근성,매일,10만 원 미만
M199,36,F,광주 광산구,3-5년,주말 저녁,동기부여 중심,온라인,월 2-3회,1승 3패,대회 준비,실내 코트,주 1-2회,10-30만 원
M200,23,F,인천 남동구,3-5년,평일 저녁,친절한 지도,온라인,월 1회 미만,3승 2패,취미 유지,접근성,주 1-2회,10만 원 미만
M201,30,M,서울 서초구,5년 이상,평일 오전,친절한 지도,그룹,월 2-3회,1승 2패,실력 향상,접근성,주 1-2회,30만 원 이상
M202,30,M,대구 수성구,0-1년,주말 저녁,엄격한 피드백,1:1,주 1회,,취미 유지,실내 코트,주 1회 미만,10-30만 원
M203,42,F,경기 용인시,0-1년,주말 오전,엄격한 피드백,1:1,월 2-3회,3승 1패,대회 준비,야외 코트,주 1회 미만,10만 원 미만
M204,42,M,경기 용인시,0-1년,평일 오후,친절한 지도,그룹,월 1회 미만,2승 2패,실력 향상,시설 완비,주 1-2회,10-30만 원
M205,23,M,광주 북구,3-5년,평일 저녁,친절한 지도,1:1,주 2회,1승 2패,체력 증진,시설 완비,주 1-2회,10-30만 원
M206,34,F,인천 연수구,5년 이상,주말 오전,엄격한 피드백,1:1,월 1회 미만,2승 3패,대회 준비,야외 코트,주 1회 미만,30만 원 이상
M207,32,기타,서울 강남구,1-3년,평일 오전,미입력,온라인,월 1회 미만,1승 0패,실력 향상,시설 완비,매일,10-30만 원
M208,35,M,광주 북구,1-3년,평일 저녁,동기부여 중심,온라인,주 1회,3승 0패,체력 증진,실내 코트,주 1-2회,30만 원 이상
M209,25,F,부산 해운대구,0-1년,주말 오전,미입력,1:1,월 2-3회,2승 1패,취미 유지,실내 코트,미사용,10만 원 미만
M210,40,M,서울 서초구,5년 이상,주말 저녁,친절한 지도,1:1,월 2-3회,,취미 유지,야외 코트,주 1-2회,10-30만 원
M211,32,F,부산 해운대구,0-1년,평일 저녁,엄격한 피드백,그룹,월 1회 미만,1승 2패,체력 증진,미입력,미사용,10-30만 원
M212,22,F,서울 마포구,0-1년,주말 오전,동기부여 중심,온라인,주 1회,1승 1패,실력 향상,미입력,미사용,10-30만 원
M213,42,기타,서울 마포구,3-5년,평일 오후,친절한 지도,그룹,주 1회,,체력 증진,야외 코트,매일,10-30만 원
M214,23,M,인천 연수구,5년 이상,주말 오전,동기부여 중심,그룹,주 1회,3승 0패,실력 향상,실내 코트,주 1회 미만,10-30만 원
M215,33,M,인천 연수구,5년 이상,평일 저녁,미입력,그룹,월 1회 미만,,대회 준비,실내 코트,주 1회 미만,10만 원 미만
M216,37,M,대전 서구,1-3년,평일 저녁,엄격한 피드백,1:1,주 2회,,실력 향상,야외 코트,매일,10-30만 원
M217,29,M,대전 유성구,3-5년,평일 오전,친절한 지도,온라인,월 2-3회,,대회 준비,실내 코트,미사용,10만 원 미만
M218,21,F,부산 남구,1-3년,평일 오전,동기부여 중심,온라인,월 2-3회,3승 1패,대회 준비,야외 코트,매일,30만 원 이상
M219,18,F,대전 유성구,3-5년,평일 오전,엄격한 피드백,그룹,주 1회,1승 3패,취미 유지,미입력,매일,30만 원 이상
M220,36,F,서울 마포구,3-5년,평일 오후,엄격한 피드백,온라인,월 2-3회,,취미 유지,야외 코트,주 1-2회,10-30만 원
M221,35,M,경기 용인시,3-5년,주말 저녁,엄격한 피드백,온라인,월 1회 미만,0승 0패,체력 증진,실내 코트,주 1회 미만,10만 원 미만
M222,18,M,서울 송파구,1-3년,주말 오전,엄격한 피드백,온라인,월 2-3회,1승 2패,대회 준비,야외 코트,미사용,10-30만 원
M223,28,F,대구 달서구,1-3년,평일 오전,엄격한 피드백,그룹,월 1회 미만,0승 1패,실력 향상,접근성,주 1회 미만,10-30만 원
M224,35,M,서울 송파구,5년 이상,평일 저녁,동기부여 중심,1:1,주 1회,0승 1패,대회 준비,시설 완비,매일,10만 원 미만
M225,37,F,인천 남동구,1-3년,평일 오후,친절한 지도,그룹,월 1회 미만,3승 2패,체력 증진,실내 코트,주 1-2회,10만 원 미만
M226,18,F,서울 영등포구,0-1년,평일 저녁,엄격한 피드백,온라인,월 2-3회,3승 3패,체력 증진,시설 완비,주 1-2회,10만 원 미만
M227,41,F,서울 강남구,0-1년,평일 저녁,엄격한 피드백,그룹,주 2회,3승 2패,체력 증진,시설 완비,매일,30만 원 이상
M228,50,M,서울 서초구,0-1년,평일 오전,동기부여 중심,그룹,주 1회,,취미 유지,접근성,미사용,10-30만 원
M229,34,M,서울 영등포구,3-5년,평일 오전,친절한 지도,온라인,주 2회,,체력 증진,접근성,주 1-2회,30만 원 이상
M230,18,M,대전 서구,5년 이상,평일 저녁,동기부여 중심,그룹,주 1회,,대회 준비,접근성,주 1회 미만,10-30만 원
M231,21,M,대구 달서구,0-1년,평일 오전,친절한 지도,그룹,월 1회 미만,1승 2패,체력 증진,시설 완비,미사용,30만 원 이상
M232,36,M,대구 수성구,1-3년,평일 오후,미입력,온라인,월 2-3회,1승 2패,취미 유지,접근성,주 1-2회,10-30만 원
M233,32,F,서울 강남구,3-5년,평일 저녁,동기부여 중심,그룹,주 1회,1승 3패,취미 유지,접근성,매일,30만 원 이상
M234,24,M,서울 영등포구,1-3년,평일 오전,친절한 지도,그룹,월 2-3회,3승 0패,대회 준비,야외 코트,매일,30만 원 이상
M235,26,F,서울 영등포구,5년 이상,주말 저녁,미입력,그룹,월 2-3회,1승 3패,대회 준비,접근성,주 1회 미만,10-30만 원
M236,27,F,대전 유성구,5년 이상,주말 저녁,친절한 지도,그룹,월 2-3회,0승 3패,체력 증진,야외 코트,주 1-2회,30만 원 이상
M237,21,M,대구 달서구,5년 이상,주말 오전,엄격한 피드백,온라인,주 2회,2승 0패,취미 유지,접근성,주 1회 미만,30만 원 이상
M238,19,M,광주 북구,3-5년,주말 저녁,엄격한 피드백,온라인,월 2-3회,2승 1패,대회 준비,실내 코트,주 1회 미만,10-30만 원
M239,18,F,서울 마포구,3-5년,평일 오후,동기부여 중심,1:1,주 2회,,대회 준비,미입력,주 1-2회,10만 원 미만
M240,46,M,인천 연수구,5년 이상,평일 오전,동기부여 중심,그룹,월 1회 미만,,취미 유지,실내 코트,매일,10만 원 미만
M241,28,M,경기 성남시,3-5년,평일 오전,엄격한 피드백,온라인,주 2회,3승 0패,취미 유지,실내 코트,주 1회 미만,30만 원 이상
M242,21,F,서울 영등포구,5년 이상,평일 오후,미입력,온라인,주 1회,,실력 향상,시설 완비,매일,10-30만 원
M243,24,F,서울 영등포구,3-5년,평일 오후,동기부여 중심,온라인,월 2-3회,2승 1패,대회 준비,야외 코트,주 1-2회,30만 원 이상
M244,32,F,대전 유성구,0-1년,평일 저녁,동기부여 중심,그룹,월 2-3회,,실력 향상,접근성,매일,10-30만 원
M245,34,F,인천 연수구,5년 이상,주말 저녁,친절한 지도,1:1,월 2-3회,1승 0패,체력 증진,미입력,주 1회 미만,10만 원 미만
M246,27,F,서울 마포구,0-1년,평일 오전,미입력,온라인,주 1회,0승 2패,대회 준비,접근성,주 1회 미만,10-30만 원
M247,37,M,대구 달서구,0-1년,주말 오전,동기부여 중심,온라인,월 1회 미만,1승 0패,체력 증진,접근성,주 1-2회,10-30만 원
M248,31,F,서울 송파구,0-1년,평일 오후,미입력,온라인,월 2-3회,2승 2패,대회 준비,실내 코트,매일,10만 원 미만
M249,20,F,대전 서구,3-5년,주말 저녁,친절한 지도,1:1,월 1회 미만,,실력 향상,실내 코트,주 1-2회,30만 원 이상
M250,18,F,대구 수성구,1-3년,평일 저녁,엄격한 피드백,1:1,주 1회,,체력 증진,야외 코트,매일,10-30만 원
M251,35,M,부산 해운대구,5년 이상,평일 저녁,친절한 지도,온라인,주 1회,0승 1패,대회 준비,시설 완비,주 1회 미만,10-30만 원
M252,18,M,대구 수성구,1-3년,평일 오후,친절한 지도,온라인,주 2회,,취미 유지,실내 코트,매일,30만 원 이상
M253,27,M,서울 송파구,3-5년,평일 저녁,친절한 지도,1:1,주 2회,3승 3패,실력 향상,접근성,미사용,30만 원 이상
M254,22,M,서울 강남구,1-3년,평일 저녁,동기부여 중심,그룹,월 2-3회,,실력 향상,야외 코트,미사용,10-30만 원
M255,18,M,경기 용인시,5년 이상,평일 오후,친절한 지도,1:1,월 2-3회,,체력 증진,야외 코트,매일,10만 원 미만
M256,29,F,부산 수영구,1-3년,주말 저녁,친절한 지도,그룹,월 2-3회,2승 2패,취미 유지,실내 코트,미사용,10-30만 원
M257,26,F,부산 남구,3-5년,평일 오전,엄격한 피드백,1:1,월 2-3회,2승 2패,실력 향상,야외 코트,매일,30만 원 이상
M258,23,M,광주 광산구,3-5년,평일 오전,엄격한 피드백,1:1,월 2-3회,0승 3패,취미 유지,시설 완비,주 1회 미만,10-30만 원
M259,25,M,서울 영등포구,5년 이상,평일 오전,친절한 지도,그룹,월 1회 미만,2승 0패,취미 유지,미입력,주 1-2회,30만 원 이상
M260,34,F,경기 성남시,3-5년,주말 오전,친절한 지도,1:1,주 1회,,대회 준비,야외 코트,주 1회 미만,10만 원 미만
M261,31,F,경기 성남시,1-3년,평일 오전,친절한 지도,1:1,월 2-3회,,대회 준비,야외 코트,주 1회 미만,30만 원 이상
M262,18,M,부산 해운대구,1-3년,주말 저녁,동기부여 중심,그룹,주 2회,,실력 향상,접근성,미사용,10만 원 미만
M263,30,M,경기 성남시,1-3년,주말 오전,친절한 지도,1:1,월 2-3회,3승 1패,실력 향상,실내 코트,매일,10만 원 미만
M264,18,F,인천 남동구,5년 이상,평일 오후,친절한 지도,1:1,주 2회,2승 3패,대회 준비,실내 코트,미사용,10만 원 미만
M265,23,M,서울 마포구,0-1년,평일 오전,친절한 지도,온라인,주 2회,1승 1패,취미 유지,접근성,매일,10만 원 미만
M266,18,F,서울 송파구,0-1년,평일 오전,친절한 지도,그룹,월 1회 미만,,체력 증진,야외 코트,미사용,10만 원 미만
M267,30,F,인천 연수구,1-3년,주말 저녁,미입력,온라인,주 1회,0승 2패,취미 유지,야외 코트,주 1-2회,10-30만 원
M268,30,F,서울 송파구,1-3년,평일 오후,엄격한 피드백,그룹,월 2-3회,,취미 유지,접근성,주 1-2회,10-30만 원
M269,40,F,서울 송파구,1-3년,평일 저녁,미입력,1:1,주 1회,2승 0패,체력 증진,야외 코트,매일,30만 원 이상
M270,32,F,인천 남동구,5년 이상,평일 오후,동기부여 중심,온라인,월 2-3회,3승 1패,실력 향상,야외 코트,주 1-2회,10-30만 원
M271,35,M,강원 원주시,3-5년,평일 오전,친절한 지도,온라인,월 2-3회,,실력 향상,시설 완비,주 1회 미만,30만 원 이상
M272,22,F,강원 원주시,5년 이상,평일 오후,동기부여 중심,그룹,주 1회,3승 2패,실력 향상,실내 코트,매일,30만 원 이상
M273,32,F,서울 강남구,5년 이상,주말 오전,동기부여 중심,그룹,주 2회,3승 2패,체력 증진,접근성,주 1-2회,10만 원 미만
M274,21,M,서울 송파구,0-1년,평일 오전,엄격한 피드백,온라인,주 1회,0승 3패,대회 준비,접근성,매일,30만 원 이상
M275,33,F,서울 강남구,5년 이상,평일 오후,친절한 지도,그룹,주 1회,1승 1패,실력 향상,실내 코트,주 1회 미만,10만 원 미만
M276,32,M,서울 서초구,1-3년,평일 오후,동기부여 중심,1:1,월 1회 미만,2승 0패,대회 준비,실내 코트,미사용,30만 원 이상
M277,39,M,서울 영등포구,5년 이상,평일 오후,엄격한 피드백,온라인,주 1회,0승 2패,취미 유지,야외 코트,매일,30만 원 이상
M278,18,M,경기 성남시,3-5년,평일 오전,미입력,온라인,월 1회 미만,,체력 증진,시설 완비,주 1회 미만,10-30만 원
M279,20,F,인천 남동구,0-1년,평일 오후,동기부여 중심,그룹,월 2-3회,,실력 향상,미입력,미사용,10만 원 미만
M280,31,F,부산 수영구,0-1년,평일 저녁,엄격한 피드백,온라인,월 1회 미만,,체력 증진,실내 코트,주 1-2회,10-30만 원
M281,31,M,서울 서초구,3-5년,평일 오후,친절한 지도,그룹,월 1회 미만,,대회 준비,접근성,주 1-2회,10만 원 미만
M282,33,F,서울 송파구,1-3년,평일 오전,친절한 지도,1:1,월 2-3회,0승 1패,대회 준비,실내 코트,주 1-2회,10-30만 원
M283,35,F,대전 서구,5년 이상,평일 저녁,엄격한 피드백,1:1,월 1회 미만,3승 1패,체력 증진,실내 코트,미사용,10만 원 미만
M284,43,M,부산 해운대구,0-1년,평일 오후,친절한 지도,그룹,주 2회,0승 1패,체력 증진,야외 코트,미사용,30만 원 이상
M285,42,F,대구 수성구,3-5년,평일 오전,친절한 지도,온라인,주 1회,,체력 증진,시설 완비,주 1회 미만,30만 원 이상
M286,29,F,대구 수성구,0-1년,주말 오전,동기부여 중심,1:1,월 1회 미만,2승 2패,체력 증진,시설 완비,주 1회 미만,30만 원 이상
M287,50,F,서울 영등포구,1-3년,주말 오전,친절한 지도,온라인,주 2회,2승 2패,취미 유지,시설 완비,주 1회 미만,10-30만 원
M288,23,F,부산 해운대구,5년 이상,주말 저녁,미입력,1:1,월 2-3회,2승 0패,대회 준비,실내 코트,주 1회 미만,10만 원 미만
M289,35,기타,부산 해운대구,1-3년,평일 오후,동기부여 중심,1:1,월 1회 미만,1승 0패,체력 증진,실내 코트,매일,10-30만 원
M290,18,M,인천 남동구,3-5년,주말 오전,친절한 지도,온라인,월 1회 미만,,취미 유지,접근성,매일,10-30만 원
M291,33,F,대구 달서구,3-5년,평일 저녁,친절한 지도,1:1,월 2-3회,1승 3패,취미 유지,미입력,미사용,10만 원 미만
M292,39,F,서울 강남구,0-1년,평일 오후,친절한 지도,그룹,주 2회,,체력 증진,실내 코트,매일,10-30만 원
M293,29,F,대전 서구,5년 이상,주말 저녁,친절한 지도,1:1,월 1회 미만,,취미 유지,야외 코트,주 1회 미만,10-30만 원
M294,25,F,서울 마포구,1-3년,주말 저녁,미입력,그룹,월 1회 미만,3승 0패,체력 증진,시설 완비,주 1회 미만,10-30만 원
M295,22,F,대전 유성구,0-1년,평일 오전,친절한 지도,온라인,주 2회,2승 2패,대회 준비,실내 코트,주 1회 미만,30만 원 이상
M296,18,M,대구 달서구,5년 이상,평일 오후,엄격한 피드백,그룹,주 1회,0승 1패,실력 향상,야외 코트,미사용,30만 원 이상
M297,24,M,대전 서구,3-5년,평일 저녁,친절한 지도,그룹,주 2회,0승 2패,실력 향상,접근성,매일,10만 원 미만
M298,40,F,대구 달서구,0-1년,평일 오전,미입력,온라인,월 1회 미만,,체력 증진,시설 완비,미사용,10-30만 원
M299,30,F,부산 해운대구,0-1년,평일 저녁,친절한 지도,1:1,월 1회 미만,1승 1패,체력 증진,시설 완비,주 1회 미만,30만 원 이상
M300,29,M,강원 원주시,0-1년,주말 오전,엄격한 피드백,온라인,주 1회,,취미 유지,실내 코트,주 1회 미만,30만 원 이상
M301,27,F,대구 수성구,3-5년,주말 오전,엄격한 피드백,온라인,주 1회,0승 1패,취미 유지,야외 코트,매일,10만 원 미만
M302,25,F,서울 영등포구,0-1년,주말 오전,친절한 지도,온라인,월 1회 미만,1승 2패,취미 유지,실내 코트,미사용,10만 원 미만
M303,23,M,광주 북구,3-5년,평일 오전,친절한 지도,온라인,주 2회,3승 0패,실력 향상,미입력,매일,10만 원 미만
M304,34,M,강원 원주시,1-3년,평일 오후,미입력,온라인,주 1회,0승 2패,대회 준비,시설 완비,미사용,10-30만 원
M305,23,F,대구 달서구,3-5년,주말 오전,친절한 지도,그룹,주 1회,1승 3패,체력 증진,야외 코트,주 1회 미만,30만 원 이상
M306,28,M,대전 서구,3-5년,주말 오전,엄격한 피드백,온라인,주 2회,,실력 향상,접근성,매일,10만 원 미만
M307,41,F,경기 성남시,0-1년,평일 저녁,친절한 지도,1:1,월 1회 미만,3승 2패,체력 증진,접근성,매일,10만 원 미만
M308,18,M,부산 남구,1-3년,평일 오전,친절한 지도,1:1,주 1회,,취미 유지,시설 완비,매일,30만 원 이상
M309,27,M,서울 송파구,3-5년,주말 오전,동기부여 중심,온라인,주 2회,2승 1패,대회 준비,실내 코트,미사용,10만 원 미만
M310,30,F,서울 마포구,0-1년,평일 저녁,친절한 지도,그룹,주 1회,,대회 준비,시설 완비,주 1-2회,10만 원 미만
M311,36,M,서울 송파구,1-3년,평일 오전,친절한 지도,온라인,주 1회,3승 1패,체력 증진,야외 코트,매일,30만 원 이상
M312,32,F,광주 광산구,1-3년,평일 저녁,엄격한 피드백,온라인,월 1회 미만,1승 0패,취미 유지,실내 코트,주 1-2회,10만 원 미만
M313,34,F,대전 유성구,3-5년,주말 오전,동기부여 중심,온라인,월 1회 미만,1승 3패,취미 유지,접근성,미사용,10-30만 원
M314,37,F,대전 서구,3-5년,주말 오전,친절한 지도,그룹,주 1회,2승 0패,실력 향상,야외 코트,미사용,30만 원 이상
M315,39,F,서울 서초구,1-3년,주말 저녁,엄격한 피드백,온라인,월 2-3회,1승 1패,대회 준비,실내 코트,미사용,30만 원 이상
M316,33,M,대구 달서구,3-5년,평일 오전,미입력,1:1,월 1회 미만,,실력 향상,시설 완비,미사용,10-30만 원
M317,32,F,서울 서초구,3-5년,평일 오전,친절한 지도,그룹,월 2-3회,3승 0패,취미 유지,실내 코트,주 1-2회,10-30만 원
M318,22,M,인천 남동구,1-3년,평일 오전,엄격한 피드백,온라인,월 2-3회,3승 2패,체력 증진,시설 완비,미사용,10만 원 미만
M319,27,F,서울 서초구,1-3년,주말 오전,엄격한 피드백,그룹,주 2회,3승 1패,실력 향상,시설 완비,주 1회 미만,30만 원 이상
M320,19,M,부산 해운대구,5년 이상,주말 저녁,엄격한 피드백,그룹,주 1회,0승 0패,대회 준비,접근성,주 1-2회,10-30만 원
M321,55,F,서울 송파구,1-3년,평일 오전,엄격한 피드백,온라인,주 2회,,취미 유지,실내 코트,주 1-2회,10만 원 미만
M322,57,M,서울 마포구,3-5년,주말 저녁,엄격한 피드백,그룹,월 1회 미만,,체력 증진,야외 코트,매일,30만 원 이상
M323,47,F,부산 수영구,5년 이상,평일 저녁,엄격한 피드백,온라인,주 1회,2승 2패,체력 증진,미입력,매일,10만 원 미만
M324,29,M,인천 남동구,1-3년,평일 저녁,동기부여 중심,그룹,월 1회 미만,2승 2패,취미 유지,야외 코트,주 1회 미만,10만 원 미만
M325,35,F,서울 송파구,0-1년,평일 저녁,미입력,온라인,주 2회,0승 1패,체력 증진,실내 코트,주 1회 미만,30만 원 이상
M326,31,M,서울 송파구,5년 이상,주말 저녁,엄격한 피드백,온라인,주 1회,,취미 유지,실내 코트,미사용,10-30만 원
M327,21,M,서울 강남구,0-1년,평일 저녁,친절한 지도,1:1,주 1회,,체력 증진,실내 코트,주 1회 미만,30만 원 이상
M328,25,F,서울 마포구,1-3년,평일 오전,엄격한 피드백,온라인,주 2회,2승 0패,취미 유지,미입력,주 1회 미만,10만 원 미만
M329,25,M,대전 유성구,5년 이상,주말 저녁,친절한 지도,1:1,월 1회 미만,1승 1패,실력 향상,실내 코트,주 1-2회,10-30만 원
M330,35,M,경기 성남시,0-1년,평일 저녁,친절한 지도,1:1,월 2-3회,1승 2패,체력 증진,접근성,매일,10-30만 원
M331,45,M,서울 영등포구,0-1년,주말 저녁,친절한 지도,온라인,월 1회 미만,,대회 준비,실내 코트,미사용,30만 원 이상
M332,35,F,경기 성남시,1-3년,주말 오전,친절한 지도,그룹,주 1회,,실력 향상,시설 완비,매일,30만 원 이상
M333,34,M,서울 송파구,0-1년,평일 오전,엄격한 피드백,그룹,주 1회,0승 2패,대회 준비,야외 코트,미사용,10-30만 원
M334,36,F,경기 성남시,1-3년,평일 저녁,엄격한 피드백,1:1,주 1회,0승 0패,체력 증진,접근성,미사용,30만 원 이상
M335,18,M,부산 수영구,3-5년,주말 저녁,미입력,그룹,주 1회,1승 2패,체력 증진,실내 코트,주 1-2회,10-30만 원
M336,27,M,대전 서구,0-1년,평일 오후,엄격한 피드백,온라인,월 2-3회,0승 3패,취미 유지,미입력,미사용,10만 원 미만
M337,39,F,인천 남동구,5년 이상,주말 저녁,미입력,온라인,주 2회,3승 0패,실력 향상,야외 코트,주 1-2회,30만 원 이상
M338,36,F,대구 수성구,0-1년,주말 오전,엄격한 피드백,1:1,주 1회,,취미 유지,실내 코트,미사용,10-30만 원
M339,18,M,대전 서구,3-5년,주말 오전,친절한 지도,그룹,월 1회 미만,,체력 증진,실내 코트,매일,10-30만 원
M340,38,F,서울 강남구,3-5년,평일 저녁,엄격한 피드백,온라인,주 1회,2승 0패,체력 증진,시설 완비,주 1-2회,30만 원 이상
M341,22,M,서울 영등포구,1-3년,주말 저녁,엄격한 피드백,온라인,월 2-3회,1승 0패,실력 향상,실내 코트,주 1-2회,30만 원 이상
M342,36,M,서울 서초구,5년 이상,평일 오전,동기부여 중심,1:1,월 2-3회,0승 1패,실력 향상,접근성,미사용,10-30만 원
M343,38,M,부산 해운대구,3-5년,주말 저녁,동기부여 중심,그룹,주 1회,1승 0패,취미 유지,실내 코트,주 1회 미만,10-30만 원
M344,33,M,인천 남동구,3-5년,평일 오후,친절한 지도,그룹,월 2-3회,2승 0패,대회 준비,야외 코트,주 1회 미만,10-30만 원
M345,33,F,서울 강남구,0-1년,주말 오전,친절한 지도,온라인,주 1회,0승 0패,실력 향상,시설 완비,미사용,10만 원 미만
M346,26,F,서울 마포구,0-1년,주말 오전,동기부여 중심,온라인,월 1회 미만,1승 2패,대회 준비,미입력,주 1회 미만,30만 원 이상
M347,44,F,대전 서구,1-3년,주말 오전,동기부여 중심,그룹,월 1회 미만,2승 0패,실력 향상,실내 코트,주 1회 미만,30만 원 이상
M348,23,F,서울 서초구,3-5년,평일 저녁,친절한 지도,그룹,주 2회,2승 2패,취미 유지,야외 코트,매일,30만 원 이상
M349,35,F,부산 남구,3-5년,평일 저녁,친절한 지도,1:1,주 2회,1승 3패,대회 준비,접근성,매일,10-30만 원
M350,24,M,경기 용인시,3-5년,평일 오후,동기부여 중심,온라인,주 2회,2승 1패,체력 증진,실내 코트,매일,30만 원 이상
M351,43,M,서울 강남구,1-3년,평일 저녁,엄격한 피드백,그룹,월 2-3회,3승 3패,취미 유지,실내 코트,주 1-2회,10만 원 미만
M352,26,M,부산 수영구,1-3년,주말 저녁,엄격한 피드백,그룹,주 2회,,취미 유지,시설 완비,미사용,10-30만 원
M353,28,M,대구 수성구,1-3년,평일 오전,친절한 지도,1:1,주 1회,1승 3패,실력 향상,실내 코트,주 1회 미만,10만 원 미만
M354,18,M,경기 용인시,1-3년,평일 오전,친절한 지도,그룹,월 2-3회,,실력 향상,야외 코트,주 1-2회,30만 원 이상
M355,52,M,서울 송파구,3-5년,평일 오전,동기부여 중심,그룹,주 2회,2승 0패,대회 준비,실내 코트,주 1-2회,10만 원 미만
M356,18,F,부산 해운대구,5년 이상,평일 오전,친절한 지도,1:1,월 2-3회,2승 2패,취미 유지,야외 코트,주 1-2회,10-30만 원
M357,36,F,대구 수성구,0-1년,평일 저녁,동기부여 중심,1:1,월 1회 미만,2승 3패,체력 증진,실내 코트,주 1회 미만,10만 원 미만
M358,36,M,인천 연수구,3-5년,평일 오후,동기부여 중심,1:1,월 1회 미만,0승 2패,대회 준비,실내 코트,주 1회 미만,10만 원 미만
M359,44,F,경기 성남시,5년 이상,평일 저녁,엄격한 피드백,온라인,월 1회 미만,2승 3패,체력 증진,실내 코트,매일,30만 원 이상
M360,41,F,서울 마포구,1-3년,평일 오후,엄격한 피드백,그룹,월 1회 미만,1승 2패,체력 증진,시설 완비,주 1회 미만,10만 원 미만
M361,26,F,부산 남구,3-5년,주말 저녁,친절한 지도,온라인,월 2-3회,,대회 준비,실내 코트,매일,30만 원 이상
M362,30,M,서울 서초구,0-1년,평일 저녁,친절한 지도,1:1,월 1회 미만,3승 1패,실력 향상,시설 완비,주 1-2회,30만 원 이상
M363,33,M,대구 수성구,1-3년,주말 오전,엄격한 피드백,1:1,주 2회,,취미 유지,야외 코트,미사용,30만 원 이상
M364,36,F,인천 연수구,5년 이상,주말 오전,엄격한 피드백,온라인,월 2-3회,,취미 유지,실내 코트,미사용,10만 원 미만
M365,26,M,대구 달서구,0-1년,주말 오전,친절한 지도,그룹,주 2회,3승 1패,체력 증진,야외 코트,매일,10-30만 원
M366,29,M,광주 광산구,3-5년,평일 저녁,엄격한 피드백,온라인,월 2-3회,,대회 준비,실내 코트,주 1회 미만,10만 원 미만
M367,36,F,경기 성남시,0-1년,주말 저녁,친절한 지도,온라인,월 1회 미만,2승 0패,체력 증진,실내 코트,매일,10만 원 미만
M368,22,F,서울 서초구,5년 이상,평일 오후,동기부여 중심,온라인,주 1회,3승 1패,실력 향상,시설 완비,주 1-2회,30만 원 이상
M369,18,M,대전 유성구,5년 이상,평일 오전,동기부여 중심,1:1,주 2회,2승 0패,실력 향상,시설 완비,주 1회 미만,10-30만 원
M370,27,F,대구 수성구,1-3년,주말 저녁,엄격한 피드백,온라인,월 2-3회,,취미 유지,야외 코트,주 1회 미만,10만 원 미만
M371,23,M,서울 송파구,1-3년,주말 오전,친절한 지도,1:1,월 1회 미만,1승 3패,체력 증진,시설 완비,주 1-2회,10만 원 미만
M372,41,F,서울 강남구,1-3년,평일 오후,미입력,그룹,주 1회,3승 2패,대회 준비,접근성,주 1회 미만,30만 원 이상
M373,24,M,대전 유성구,1-3년,주말 오전,친절한 지도,온라인,월 2-3회,1승 2패,체력 증진,실내 코트,주 1회 미만,10만 원 미만
M374,18,M,서울 송파구,5년 이상,주말 저녁,친절한 지도,그룹,월 2-3회,0승 1패,체력 증진,시설 완비,미사용,10-30만 원
M375,29,M,경기 용인시,1-3년,평일 저녁,친절한 지도,온라인,월 2-3회,,취미 유지,접근성,주 1회 미만,10-30만 원
M376,24,M,인천 연수구,0-1년,평일 오전,엄격한 피드백,온라인,월 1회 미만,0승 1패,취미 유지,야외 코트,매일,10만 원 미만
M377,18,M,인천 연수구,0-1년,주말 오전,미입력,온라인,월 1회 미만,3승 0패,실력 향상,야외 코트,주 1-2회,30만 원 이상
M378,33,F,경기 성남시,5년 이상,평일 저녁,동기부여 중심,온라인,월 1회 미만,1승 1패,대회 준비,야외 코트,미사용,10만 원 미만
M379,26,M,서울 서초구,3-5년,평일 오전,동기부여 중심,그룹,월 2-3회,1승 2패,대회 준비,시설 완비,주 1회 미만,30만 원 이상
M380,18,F,대구 달서구,3-5년,평일 오전,엄격한 피드백,그룹,월 2-3회,1승 3패,취미 유지,야외 코트,주 1회 미만,10-30만 원
M381,20,M,서울 마포구,0-1년,평일 오전,엄격한 피드백,온라인,주 1회,,취미 유지,시설 완비,주 1-2회,10-30만 원
M382,53,M,경기 성남시,5년 이상,주말 오전,친절한 지도,온라인,주 2회,,체력 증진,시설 완비,매일,10만 원 미만
M383,32,F,인천 연수구,3-5년,주말 오전,동기부여 중심,그룹,주 2회,0승 2패,취미 유지,실내 코트,주 1-2회,10-30만 원
M384,18,M,서울 영등포구,0-1년,주말 오전,친절한 지도,그룹,주 1회,3승 3패,실력 향상,미입력,미사용,30만 원 이상
M385,25,F,서울 강남구,1-3년,평일 오후,엄격한 피드백,온라인,주 1회,,대회 준비,실내 코트,주 1-2회,30만 원 이상
M386,31,M,서울 마포구,3-5년,평일 저녁,미입력,1:1,월 1회 미만,,실력 향상,미입력,미사용,10만 원 미만
M387,18,F,서울 송파구,3-5년,주말 오전,미입력,1:1,월 2-3회,,체력 증진,접근성,주 1회 미만,10만 원 미만
M388,27,M,서울 서초구,3-5년,평일 오후,엄격한 피드백,1:1,월 1회 미만,3승 0패,취미 유지,미입력,매일,30만 원 이상
M389,26,기타,부산 해운대구,5년 이상,평일 오전,친절한 지도,1:1,월 1회 미만,0승 0패,취미 유지,시설 완비,주 1-2회,30만 원 이상
M390,40,M,대전 유성구,5년 이상,평일 저녁,친절한 지도,그룹,주 2회,3승 2패,대회 준비,실내 코트,주 1회 미만,10-30만 원
M391,19,F,경기 성남시,0-1년,평일 저녁,엄격한 피드백,그룹,월 2-3회,2승 0패,실력 향상,실내 코트,매일,30만 원 이상
M392,45,M,경기 용인시,3-5년,주말 저녁,친절한 지도,1:1,월 1회 미만,0승 2패,체력 증진,실내 코트,주 1-2회,10만 원 미만
M393,18,F,서울 마포구,5년 이상,평일 오후,엄격한 피드백,온라인,월 1회 미만,,대회 준비,야외 코트,주 1회 미만,10만 원 미만
M394,37,F,부산 해운대구,5년 이상,주말 저녁,친절한 지도,그룹,월 1회 미만,0승 3패,취미 유지,실내 코트,주 1-2회,10만 원 미만
M395,18,F,서울 마포구,0-1년,평일 오전,친절한 지도,온라인,월 2-3회,,체력 증진,시설 완비,미사용,30만 원 이상
M396,25,F,서울 송파구,3-5년,평일 오전,동기부여 중심,그룹,월 2-3회,2승 0패,실력 향상,실내 코트,주 1회 미만,30만 원 이상
M397,26,M,대구 수성구,0-1년,평일 오전,친절한 지도,1:1,월 2-3회,2승 3패,대회 준비,접근성,매일,30만 원 이상
M398,37,M,서울 서초구,1-3년,평일 오전,동기부여 중심,1:1,월 1회 미만,2승 1패,실력 향상,접근성,미사용,10만 원 미만
M399,33,M,서울 영등포구,5년 이상,주말 저녁,친절한 지도,그룹,주 1회,1승 2패,체력 증진,야외 코트,매일,10만 원 미만
M400,27,F,서울 강남구,1-3년,주말 저녁,친절한 지도,온라인,월 1회 미만,2승 1패,취미 유지,야외 코트,매일,30만 원 이상
M401,28,F,인천 연수구,5년 이상,주말 오전,엄격한 피드백,온라인,주 1회,,체력 증진,시설 완비,주 1-2회,10-30만 원
M402,18,M,광주 북구,3-5년,평일 오후,친절한 지도,그룹,주 2회,3승 0패,대회 준비,실내 코트,주 1-2회,30만 원 이상
M403,27,M,인천 남동구,5년 이상,주말 저녁,친절한 지도,온라인,주 2회,1승 1패,체력 증진,미입력,매일,10-30만 원
M404,32,M,제주 서귀포시,0-1년,주말 저녁,미입력,그룹,주 1회,2승 2패,실력 향상,실내 코트,미사용,10만 원 미만
M405,42,F,서울 마포구,3-5년,평일 오후,친절한 지도,1:1,월 2-3회,,대회 준비,야외 코트,미사용,10만 원 미만
M406,36,F,경기 성남시,5년 이상,평일 저녁,엄격한 피드백,온라인,월 1회 미만,2승 2패,실력 향상,미입력,매일,10만 원 미만
M407,39,F,서울 영등포구,3-5년,주말 오전,엄격한 피드백,1:1,월 2-3회,2승 1패,체력 증진,미입력,미사용,30만 원 이상
M408,25,F,부산 해운대구,3-5년,평일 저녁,엄격한 피드백,온라인,월 2-3회,0승 3패,실력 향상,야외 코트,매일,10-30만 원
M409,23,M,광주 북구,5년 이상,평일 오전,엄격한 피드백,온라인,주 1회,3승 2패,대회 준비,실내 코트,주 1-2회,10-30만 원
M410,33,F,부산 수영구,3-5년,평일 저녁,엄격한 피드백,1:1,주 1회,1승 1패,실력 향상,실내 코트,미사용,30만 원 이상
M411,18,M,서울 송파구,3-5년,주말 저녁,엄격한 피드백,1:1,월 1회 미만,,실력 향상,접근성,주 1회 미만,10만 원 미만
M412,18,M,인천 연수구,5년 이상,주말 저녁,친절한 지도,그룹,주 2회,2승 2패,실력 향상,야외 코트,주 1-2회,10만 원 미만
M413,31,M,서울 서초구,5년 이상,평일 오후,친절한 지도,온라인,월 1회 미만,,취미 유지,실내 코트,매일,30만 원 이상
M414,28,F,경기 성남시,3-5년,평일 오후,엄격한 피드백,온라인,주 1회,,체력 증진,미입력,미사용,30만 원 이상
M415,30,F,인천 남동구,0-1년,평일 저녁,친절한 지도,1:1,주 2회,,체력 증진,미입력,매일,10만 원 미만
M416,18,M,서울 마포구,5년 이상,주말 저녁,친절한 지도,그룹,주 2회,,체력 증진,실내 코트,주 1회 미만,10-30만 원
M417,28,M,서울 마포구,3-5년,평일 오후,엄격한 피드백,온라인,월 1회 미만,,체력 증진,접근성,주 1-2회,10만 원 미만
M418,29,M,광주 광산구,5년 이상,평일 저녁,엄격한 피드백,그룹,주 1회,,체력 증진,실내 코트,미사용,30만 원 이상
M419,22,F,경기 성남시,0-1년,평일 저녁,미입력,그룹,월 2-3회,0승 3패,실력 향상,야외 코트,주 1-2회,10만 원 미만
M420,20,F,대구 수성구,5년 이상,주말 저녁,친절한 지도,온라인,월 1회 미만,,대회 준비,야외 코트,주 1-2회,10-30만 원
M421,18,M,서울 송파구,5년 이상,주말 오전,동기부여 중심,1:1,주 2회,2승 1패,실력 향상,시설 완비,매일,30만 원 이상
M422,31,F,부산 해운대구,0-1년,평일 오전,친절한 지도,그룹,월 2-3회,,체력 증진,시설 완비,매일,10만 원 미만
M423,36,F,광주 북구,0-1년,평일 오전,친절한 지도,1:1,주 1회,0승 3패,체력 증진,시설 완비,주 1회 미만,10만 원 미만
M424,34,M,대구 달서구,0-1년,평일 오후,친절한 지도,그룹,월 2-3회,2승 3패,실력 향상,시설 완비,주 1-2회,30만 원 이상
M425,34,F,인천 연수구,5년 이상,주말 저녁,동기부여 중심,1:1,월 1회 미만,,체력 증진,시설 완비,주 1-2회,30만 원 이상
M426,31,F,서울 영등포구,1-3년,평일 오전,엄격한 피드백,그룹,월 2-3회,,실력 향상,접근성,주 1회 미만,10만 원 미만
M427,31,M,부산 해운대구,0-1년,평일 오전,동기부여 중심,1:1,주 2회,,실력 향상,미입력,주 1회 미만,10-30만 원
M428,23,F,인천 연수구,5년 이상,주말 저녁,엄격한 피드백,1:1,주 2회,2승 1패,취미 유지,시설 완비,매일,10만 원 미만
M429,51,M,경기 성남시,3-5년,평일 저녁,친절한 지도,온라인,주 2회,1승 2패,취미 유지,실내 코트,주 1회 미만,10-30만 원
M430,27,기타,서울 강남구,0-1년,주말 오전,친절한 지도,그룹,월 2-3회,,취미 유지,미입력,주 1-2회,30만 원 이상
M431,35,F,서울 강남구,0-1년,평일 오후,엄격한 피드백,온라인,월 2-3회,1승 3패,실력 향상,실내 코트,주 1-2회,10만 원 미만
M432,21,M,광주 북구,3-5년,평일 오전,엄격한 피드백,1:1,월 1회 미만,,대회 준비,시설 완비,주 1회 미만,10-30만 원
M433,32,F,서울 강남구,3-5년,평일 오전,친절한 지도,1:1,주 1회,,체력 증진,실내 코트,매일,30만 원 이상
M434,18,F,부산 수영구,1-3년,평일 저녁,엄격한 피드백,그룹,주 2회,1승 3패,실력 향상,시설 완비,주 1회 미만,10-30만 원
M435,41,F,광주 북구,5년 이상,평일 오전,친절한 지도,온라인,월 2-3회,1승 0패,취미 유지,시설 완비,주 1회 미만,10만 원 미만
M436,32,F,대구 달서구,3-5년,평일 저녁,동기부여 중심,그룹,월 2-3회,2승 0패,취미 유지,시설 완비,매일,10만 원 미만
M437,18,M,서울 강남구,0-1년,평일 오후,엄격한 피드백,그룹,월 1회 미만,2승 0패,체력 증진,시설 완비,주 1-2회,10-30만 원
M438,18,M,부산 해운대구,3-5년,주말 저녁,엄격한 피드백,그룹,주 1회,2승 3패,대회 준비,실내 코트,주 1회 미만,10-30만 원
M439,33,M,대전 유성구,0-1년,주말 저녁,엄격한 피드백,그룹,주 2회,3승 3패,대회 준비,실내 코트,주 1회 미만,10-30만 원
M440,22,M,부산 남구,5년 이상,평일 저녁,친절한 지도,그룹,월 2-3회,0승 3패,실력 향상,야외 코트,주 1-2회,10-30만 원
M441,41,M,대전 유성구,0-1년,평일 저녁,친절한 지도,그룹,주 1회,0승 1패,대회 준비,미입력,주 1-2회,30만 원 이상
M442,18,F,대전 서구,1-3년,평일 오전,엄격한 피드백,1:1,주 2회,,체력 증진,실내 코트,미사용,30만 원 이상
M443,18,F,부산 해운대구,0-1년,평일 저녁,엄격한 피드백,1:1,주 1회,1승 1패,대회 준비,시설 완비,매일,10만 원 미만
M444,35,M,부산 수영구,3-5년,평일 저녁,친절한 지도,그룹,주 2회,,취미 유지,시설 완비,주 1회 미만,10-30만 원
M445,32,F,부산 해운대구,0-1년,평일 저녁,동기부여 중심,온라인,월 2-3회,,취미 유지,접근성,미사용,10-30만 원
M446,23,M,대전 유성구,3-5년,주말 저녁,친절한 지도,1:1,월 1회 미만,0승 1패,대회 준비,실내 코트,미사용,10만 원 미만
M447,32,M,서울 마포구,0-1년,평일 저녁,친절한 지도,그룹,월 2-3회,0승 1패,대회 준비,야외 코트,주 1회 미만,10-30만 원
M448,49,M,서울 서초구,0-1년,평일 오전,엄격한 피드백,1:1,주 1회,3승 3패,체력 증진,실내 코트,주 1-2회,10-30만 원
M449,19,F,서울 송파구,1-3년,주말 저녁,엄격한 피드백,온라인,월 1회 미만,,대회 준비,접근성,매일,10-30만 원
M450,30,M,서울 마포구,5년 이상,평일 오후,엄격한 피드백,1:1,월 1회 미만,0승 2패,실력 향상,미입력,주 1회 미만,10-30만 원
M451,56,F,서울 마포구,1-3년,평일 오전,친절한 지도,그룹,주 2회,1승 0패,대회 준비,시설 완비,미사용,10-30만 원
M452,34,F,서울 송파구,5년 이상,평일 오후,미입력,그룹,월 2-3회,2승 3패,대회 준비,실내 코트,미사용,30만 원 이상
M453,25,F,서울 강남구,1-3년,주말 오전,동기부여 중심,1:1,주 2회,,실력 향상,접근성,주 1-2회,30만 원 이상
M454,35,M,서울 강남구,1-3년,평일 저녁,동기부여 중심,1:1,월 2-3회,3승 2패,체력 증진,접근성,매일,10만 원 미만
M455,18,F,경기 성남시,1-3년,평일 오후,엄격한 피드백,온라인,월 1회 미만,,실력 향상,실내 코트,주 1-2회,10-30만 원
M456,38,F,제주 서귀포시,5년 이상,평일 오후,엄격한 피드백,1:1,주 2회,2승 1패,실력 향상,미입력,주 1-2회,30만 원 이상
M457,18,F,대구 수성구,3-5년,주말 오전,친절한 지도,온라인,주 1회,2승 2패,대회 준비,접근성,매일,10만 원 미만
M458,29,F,부산 해운대구,0-1년,평일 오후,친절한 지도,그룹,월 2-3회,,체력 증진,미입력,매일,30만 원 이상
M459,18,M,부산 수영구,0-1년,평일 저녁,엄격한 피드백,그룹,월 1회 미만,3승 2패,대회 준비,접근성,미사용,10-30만 원
M460,36,F,서울 영등포구,3-5년,평일 오후,미입력,온라인,월 2-3회,0승 1패,체력 증진,야외 코트,미사용,10만 원 미만
M461,40,M,서울 강남구,0-1년,평일 오전,동기부여 중심,1:1,월 2-3회,2승 0패,체력 증진,실내 코트,매일,10만 원 미만
M462,22,M,광주 광산구,1-3년,평일 오후,동기부여 중심,그룹,주 2회,0승 1패,체력 증진,실내 코트,미사용,30만 원 이상
M463,26,F,부산 수영구,3-5년,주말 저녁,미입력,온라인,주 2회,,체력 증진,시설 완비,주 1회 미만,30만 원 이상
M464,30,F,대구 달서구,0-1년,주말 저녁,미입력,온라인,월 1회 미만,1승 3패,대회 준비,접근성,주 1회 미만,10만 원 미만
M465,24,F,서울 송파구,1-3년,평일 저녁,엄격한 피드백,1:1,주 2회,0승 0패,취미 유지,미입력,주 1회 미만,10-30만 원
M466,27,M,경기 성남시,5년 이상,평일 저녁,동기부여 중심,온라인,월 1회 미만,,실력 향상,시설 완비,주 1-2회,30만 원 이상
M467,18,F,인천 연수구,5년 이상,평일 오전,친절한 지도,그룹,월 2-3회,0승 0패,실력 향상,시설 완비,매일,30만 원 이상
M468,45,M,서울 마포구,3-5년,평일 오후,동기부여 중심,1:1,주 2회,2승 2패,대회 준비,야외 코트,주 1-2회,10-30만 원
M469,36,M,서울 송파구,0-1년,평일 오후,엄격한 피드백,1:1,월 2-3회,1승 2패,실력 향상,실내 코트,주 1회 미만,30만 원 이상
M470,22,F,대구 달서구,3-5년,주말 저녁,동기부여 중심,1:1,월 2-3회,3승 2패,체력 증진,야외 코트,주 1회 미만,10-30만 원
M471,32,M,대전 유성구,3-5년,주말 저녁,엄격한 피드백,1:1,주 1회,,대회 준비,시설 완비,주 1회 미만,10만 원 미만
M472,38,M,서울 송파구,1-3년,평일 오전,친절한 지도,1:1,월 1회 미만,,실력 향상,야외 코트,주 1-2회,10만 원 미만
M473,40,M,경기 용인시,5년 이상,주말 오전,동기부여 중심,온라인,월 2-3회,1승 0패,체력 증진,실내 코트,주 1회 미만,30만 원 이상
M474,34,F,부산 남구,0-1년,평일 오전,친절한 지도,그룹,주 1회,1승 3패,체력 증진,미입력,주 1회 미만,30만 원 이상
M475,37,M,서울 강남구,3-5년,평일 저녁,엄격한 피드백,1:1,월 1회 미만,1승 2패,실력 향상,시설 완비,주 1회 미만,10-30만 원
M476,44,M,서울 송파구,3-5년,평일 오전,미입력,그룹,주 2회,,대회 준비,야외 코트,미사용,30만 원 이상
M477,38,F,경기 성남시,0-1년,평일 오후,동기부여 중심,온라인,월 2-3회,2승 3패,취미 유지,시설 완비,주 1회 미만,10-30만 원
M478,44,M,경기 성남시,0-1년,평일 오전,엄격한 피드백,온라인,월 2-3회,,체력 증진,실내 코트,미사용,10만 원 미만
M479,48,F,서울 강남구,0-1년,평일 저녁,친절한 지도,1:1,월 1회 미만,,대회 준비,접근성,주 1-2회,10-30만 원
M480,34,M,경기 용인시,3-5년,주말 저녁,미입력,온라인,주 1회,1승 3패,체력 증진,실내 코트,미사용,30만 원 이상
M481,39,M,경기 성남시,5년 이상,주말 저녁,친절한 지도,그룹,월 2-3회,2승 1패,대회 준비,접근성,미사용,10-30만 원
M482,45,F,광주 북구,0-1년,주말 오전,동기부여 중심,온라인,주 1회,,실력 향상,접근성,주 1-2회,30만 원 이상
M483,37,F,부산 수영구,3-5년,주말 저녁,동기부여 중심,1:1,월 1회 미만,2승 2패,취미 유지,접근성,미사용,30만 원 이상
M484,47,M,경기 성남시,3-5년,평일 오전,동기부여 중심,온라인,주 2회,,취미 유지,야외 코트,주 1회 미만,10-30만 원
M485,25,F,경기 성남시,3-5년,평일 저녁,동기부여 중심,그룹,월 1회 미만,1승 0패,취미 유지,시설 완비,주 1회 미만,10-30만 원
M486,43,M,부산 해운대구,1-3년,주말 저녁,친절한 지도,그룹,주 2회,3승 2패,실력 향상,야외 코트,매일,10만 원 미만
M487,33,F,서울 영등포구,3-5년,주말 오전,동기부여 중심,온라인,월 2-3회,3승 1패,체력 증진,야외 코트,주 1회 미만,10만 원 미만
M488,28,M,경기 성남시,1-3년,평일 오전,친절한 지도,온라인,월 1회 미만,0승 3패,대회 준비,시설 완비,매일,10만 원 미만
M489,18,M,부산 남구,1-3년,주말 저녁,동기부여 중심,1:1,월 1회 미만,,대회 준비,실내 코트,미사용,30만 원 이상
M490,18,F,대구 달서구,3-5년,평일 오후,엄격한 피드백,그룹,주 1회,,실력 향상,실내 코트,매일,10만 원 미만
M491,18,M,광주 북구,0-1년,주말 오전,친절한 지도,1:1,월 2-3회,,대회 준비,야외 코트,주 1회 미만,10만 원 미만
M492,32,F,광주 북구,5년 이상,주말 오전,친절한 지도,1:1,주 2회,1승 1패,실력 향상,실내 코트,매일,10-30만 원
M493,21,F,부산 수영구,0-1년,평일 오전,친절한 지도,1:1,월 1회 미만,3승 2패,대회 준비,미입력,매일,10-30만 원
M494,24,M,서울 강남구,3-5년,주말 저녁,엄격한 피드백,1:1,주 2회,2승 0패,취미 유지,시설 완비,주 1-2회,30만 원 이상
M495,28,F,대구 수성구,3-5년,주말 저녁,친절한 지도,그룹,월 1회 미만,,실력 향상,실내 코트,미사용,10만 원 미만
M496,32,F,인천 연수구,1-3년,평일 저녁,친절한 지도,그룹,주 1회,3승 0패,취미 유지,야외 코트,미사용,30만 원 이상
M497,21,F,인천 남동구,3-5년,주말 오전,친절한 지도,온라인,주 1회,1승 1패,실력 향상,야외 코트,매일,30만 원 이상
M498,54,F,강원 원주시,1-3년,평일 저녁,엄격한 피드백,1:1,주 1회,3승 3패,실력 향상,시설 완비,미사용,30만 원 이상
M499,18,M,대구 수성구,1-3년,주말 저녁,엄격한 피드백,그룹,주 1회,,체력 증진,야외 코트,주 1-2회,10-30만 원
M500,43,M,경기 성남시,5년 이상,주말 저녁,미입력,1:1,월 1회 미만,2승 2패,대회 준비,실내 코트,주 1-2회,30만 원 이상
M501,20,F,부산 남구,0-1년,주말 저녁,엄격한 피드백,그룹,월 2-3회,0승 1패,취미 유지,시설 완비,미사용,10만 원 미만
M502,31,F,서울 송파구,5년 이상,주말 저녁,친절한 지도,온라인,월 2-3회,1승 3패,실력 향상,실내 코트,미사용,30만 원 이상
M503,18,M,서울 강남구,0-1년,주말 오전,엄격한 피드백,1:1,월 2-3회,2승 2패,대회 준비,야외 코트,매일,10만 원 미만
M504,32,F,광주 광산구,1-3년,평일 저녁,친절한 지도,그룹,월 2-3회,,체력 증진,시설 완비,미사용,30만 원 이상
M505,25,F,대구 달서구,1-3년,평일 오후,미입력,온라인,주 1회,3승 1패,대회 준비,야외 코트,주 1-2회,10-30만 원
M506,32,F,부산 해운대구,3-5년,주말 오전,동기부여 중심,1:1,월 2-3회,0승 0패,대회 준비,야외 코트,미사용,10-30만 원
M507,21,F,대구 수성구,3-5년,평일 오전,친절한 지도,1:1,월 2-3회,1승 3패,취미 유지,실내 코트,주 1-2회,10-30만 원
M508,27,M,부산 해운대구,3-5년,평일 오전,동기부여 중심,1:1,월 1회 미만,3승 0패,실력 향상,실내 코트,미사용,30만 원 이상
M509,37,M,부산 남구,3-5년,주말 오전,동기부여 중심,그룹,월 1회 미만,3승 2패,체력 증진,시설 완비,주 1회 미만,10-30만 원
M510,18,M,서울 서초구,1-3년,평일 오전,동기부여 중심,그룹,월 2-3회,2승 1패,대회 준비,실내 코트,매일,10-30만 원
M511,38,F,경기 성남시,3-5년,주말 저녁,친절한 지도,온라인,월 2-3회,3승 2패,체력 증진,접근성,미사용,30만 원 이상
M512,21,M,서울 서초구,3-5년,평일 오전,미입력,1:1,월 2-3회,3승 1패,취미 유지,시설 완비,주 1-2회,10-30만 원
M513,34,M,부산 남구,5년 이상,주말 오전,엄격한 피드백,온라인,주 1회,3승 1패,실력 향상,실내 코트,주 1-2회,10-30만 원
M514,23,F,서울 영등포구,5년 이상,평일 오후,미입력,그룹,월 1회 미만,3승 0패,체력 증진,접근성,미사용,10-30만 원
M515,41,M,서울 서초구,1-3년,평일 오전,친절한 지도,온라인,주 2회,2승 2패,체력 증진,야외 코트,주 1회 미만,10만 원 미만
M516,38,M,대구 수성구,0-1년,평일 저녁,엄격한 피드백,1:1,월 2-3회,,취미 유지,접근성,매일,30만 원 이상
M517,38,M,서울 송파구,1-3년,주말 오전,동기부여 중심,그룹,주 2회,,취미 유지,야외 코트,주 1-2회,10만 원 미만
M518,18,M,부산 수영구,1-3년,평일 저녁,미입력,1:1,주 2회,3승 1패,체력 증진,접근성,미사용,30만 원 이상
M519,36,M,대전 유성구,5년 이상,평일 오전,엄격한 피드백,그룹,주 1회,3승 3패,대회 준비,시설 완비,주 1회 미만,30만 원 이상
M520,24,M,대전 서구,3-5년,평일 오후,동기부여 중심,그룹,월 1회 미만,1승 3패,실력 향상,시설 완비,미사용,30만 원 이상
M521,27,F,부산 해운대구,5년 이상,주말 저녁,미입력,온라인,월 1회 미만,,취미 유지,실내 코트,주 1-2회,10-30만 원
M522,30,M,인천 연수구,0-1년,평일 오전,미입력,그룹,월 2-3회,1승 0패,대회 준비,실내 코트,주 1-2회,10-30만 원
M523,32,F,서울 송파구,5년 이상,평일 오전,엄격한 피드백,그룹,주 1회,2승 3패,체력 증진,시설 완비,주 1회 미만,30만 원 이상
M524,32,M,경기 성남시,5년 이상,평일 오전,엄격한 피드백,그룹,주 2회,2승 1패,취미 유지,실내 코트,주 1-2회,10-30만 원
M525,29,M,부산 수영구,0-1년,평일 오전,미입력,온라인,월 2-3회,2승 1패,취미 유지,실내 코트,주 1회 미만,10만 원 미만
M526,27,F,서울 송파구,0-1년,주말 오전,친절한 지도,1:1,주 1회,,대회 준비,접근성,주 1-2회,30만 원 이상
M527,60,M,서울 송파구,5년 이상,평일 오전,엄격한 피드백,온라인,월 1회 미만,2승 3패,체력 증진,실내 코트,미사용,10-30만 원
M528,25,M,서울 송파구,1-3년,평일 오전,엄격한 피드백,1:1,월 1회 미만,3승 0패,체력 증진,접근성,미사용,30만 원 이상
M529,52,F,인천 남동구,0-1년,평일 저녁,엄격한 피드백,1:1,주 2회,0승 2패,체력 증진,실내 코트,매일,10-30만 원
M530,31,M,경기 성남시,5년 이상,평일 오후,친절한 지도,1:1,월 1회 미만,0승 2패,대회 준비,야외 코트,주 1회 미만,10만 원 미만
M531,36,M,경기 용인시,1-3년,평일 오후,엄격한 피드백,온라인,월 1회 미만,3승 2패,취미 유지,실내 코트,매일,10만 원 미만
M532,38,M,인천 남동구,1-3년,주말 저녁,친절한 지도,1:1,주 2회,3승 2패,체력 증진,시설 완비,주 1-2회,10만 원 미만
M533,30,M,대전 서구,5년 이상,주말 오전,친절한 지도,1:1,주 1회,3승 1패,취미 유지,야외 코트,미사용,10만 원 미만
M534,18,F,경기 성남시,0-1년,평일 저녁,엄격한 피드백,그룹,월 1회 미만,1승 0패,체력 증진,접근성,미사용,10-30만 원
M535,18,M,광주 북구,1-3년,주말 저녁,동기부여 중심,그룹,주 1회,,체력 증진,실내 코트,매일,10-30만 원
M536,42,M,서울 강남구,0-1년,주말 오전,동기부여 중심,1:1,월 2-3회,3승 2패,취미 유지,접근성,주 1회 미만,10-30만 원
M537,34,F,서울 강남구,0-1년,평일 저녁,친절한 지도,온라인,월 2-3회,,취미 유지,실내 코트,미사용,10-30만 원
M538,26,M,부산 남구,5년 이상,평일 저녁,미입력,1:1,주 1회,2승 0패,실력 향상,미입력,미사용,10만 원 미만
M539,21,M,서울 영등포구,0-1년,주말 오전,엄격한 피드백,1:1,월 2-3회,0승 3패,체력 증진,시설 완비,미사용,30만 원 이상
M540,19,F,광주 북구,1-3년,주말 저녁,미입력,1:1,월 1회 미만,3승 3패,취미 유지,미입력,미사용,10-30만 원
M541,28,M,경기 성남시,0-1년,주말 오전,동기부여 중심,그룹,주 2회,2승 1패,취미 유지,야외 코트,주 1회 미만,10만 원 미만
M542,38,M,대전 서구,5년 이상,평일 오전,엄격한 피드백,온라인,주 2회,0승 2패,체력 증진,접근성,매일,10-30만 원
M543,36,M,대구 달서구,1-3년,평일 저녁,친절한 지도,그룹,주 1회,2승 2패,체력 증진,야외 코트,주 1회 미만,10만 원 미만
M544,47,F,서울 영등포구,0-1년,주말 오전,동기부여 중심,1:1,월 2-3회,1승 1패,대회 준비,시설 완비,주 1-2회,30만 원 이상
M545,35,M,부산 남구,3-5년,주말 저녁,친절한 지도,그룹,월 2-3회,3승 1패,취미 유지,실내 코트,주 1-2회,10-30만 원
M546,18,M,대구 수성구,3-5년,평일 오전,동기부여 중심,그룹,월 1회 미만,2승 3패,대회 준비,실내 코트,주 1-2회,10-30만 원
M547,32,F,서울 영등포구,3-5년,주말 저녁,친절한 지도,1:1,월 2-3회,,체력 증진,야외 코트,미사용,10-30만 원
M548,36,M,광주 북구,1-3년,주말 저녁,미입력,그룹,주 2회,2승 0패,체력 증진,야외 코트,주 1회 미만,30만 원 이상
M549,42,F,대구 달서구,3-5년,주말 오전,엄격한 피드백,온라인,주 1회,1승 3패,취미 유지,시설 완비,매일,30만 원 이상
M550,34,M,인천 남동구,0-1년,평일 오전,엄격한 피드백,온라인,월 2-3회,2승 2패,실력 향상,미입력,주 1회 미만,10만 원 미만
M551,31,F,서울 강남구,5년 이상,평일 오후,친절한 지도,1:1,주 2회,2승 2패,체력 증진,실내 코트,매일,10-30만 원
M552,18,F,서울 영등포구,1-3년,평일 오전,미입력,그룹,월 1회 미만,1승 3패,실력 향상,실내 코트,매일,10만 원 미만
M553,40,F,서울 마포구,5년 이상,평일 오전,친절한 지도,그룹,월 1회 미만,1승 2패,체력 증진,미입력,주 1회 미만,10만 원 미만
M554,19,M,부산 해운대구,3-5년,주말 저녁,친절한 지도,그룹,주 2회,3승 0패,취미 유지,실내 코트,주 1회 미만,30만 원 이상
M555,23,F,서울 송파구,0-1년,주말 저녁,엄격한 피드백,그룹,주 2회,,체력 증진,시설 완비,주 1회 미만,10만 원 미만
M556,29,F,대전 유성구,1-3년,평일 오후,미입력,온라인,주 1회,3승 2패,실력 향상,실내 코트,미사용,10-30만 원
M557,18,F,대구 수성구,3-5년,평일 오후,동기부여 중심,온라인,월 2-3회,,체력 증진,야외 코트,매일,10-30만 원
M558,30,M,서울 송파구,1-3년,평일 저녁,친절한 지도,그룹,월 2-3회,,실력 향상,야외 코트,매일,10만 원 미만
M559,39,F,부산 해운대구,5년 이상,주말 오전,친절한 지도,그룹,월 2-3회,0승 3패,취미 유지,실내 코트,주 1회 미만,30만 원 이상
M560,40,F,서울 송파구,5년 이상,평일 오후,엄격한 피드백,온라인,월 1회 미만,1승 0패,대회 준비,시설 완비,주 1회 미만,10-30만 원
M561,26,F,인천 남동구,3-5년,평일 저녁,엄격한 피드백,1:1,월 1회 미만,,대회 준비,시설 완비,주 1회 미만,30만 원 이상
M562,33,F,경기 용인시,0-1년,평일 저녁,엄격한 피드백,그룹,주 1회,3승 1패,실력 향상,시설 완비,주 1회 미만,30만 원 이상
M563,37,F,광주 북구,5년 이상,평일 오전,친절한 지도,온라인,주 2회,,취미 유지,야외 코트,주 1회 미만,10만 원 미만
M564,46,F,부산 수영구,1-3년,평일 오전,친절한 지도,1:1,월 1회 미만,,체력 증진,접근성,매일,10-30만 원
M565,20,F,서울 마포구,1-3년,평일 저녁,동기부여 중심,그룹,월 1회 미만,0승 2패,대회 준비,실내 코트,미사용,10만 원 미만
M566,27,F,대구 달서구,0-1년,주말 저녁,친절한 지도,그룹,주 2회,2승 3패,체력 증진,시설 완비,미사용,10-30만 원
M567,40,M,서울 영등포구,5년 이상,평일 저녁,친절한 지도,1:1,주 2회,,실력 향상,실내 코트,미사용,10-30만 원
M568,24,F,인천 연수구,5년 이상,주말 저녁,동기부여 중심,그룹,월 2-3회,3승 0패,실력 향상,시설 완비,매일,10만 원 미만
M569,20,M,서울 강남구,5년 이상,평일 저녁,친절한 지도,1:1,주 1회,0승 3패,취미 유지,접근성,주 1회 미만,10-30만 원
M570,38,F,서울 영등포구,5년 이상,평일 저녁,동기부여 중심,온라인,주 1회,1승 0패,실력 향상,접근성,주 1회 미만,30만 원 이상
M571,26,F,경기 용인시,1-3년,평일 저녁,엄격한 피드백,1:1,월 1회 미만,0승 3패,취미 유지,미입력,주 1회 미만,30만 원 이상
M572,19,M,부산 남구,3-5년,주말 저녁,친절한 지도,온라인,월 1회 미만,0승 3패,실력 향상,야외 코트,매일,30만 원 이상
M573,42,M,서울 강남구,3-5년,평일 오전,친절한 지도,온라인,주 1회,,대회 준비,시설 완비,미사용,30만 원 이상
M574,50,M,대전 서구,0-1년,평일 오전,엄격한 피드백,1:1,월 1회 미만,2승 1패,체력 증진,야외 코트,매일,10-30만 원
M575,19,F,부산 해운대구,1-3년,주말 오전,친절한 지도,1:1,주 2회,,체력 증진,실내 코트,주 1-2회,10-30만 원
M576,32,M,서울 마포구,1-3년,평일 저녁,엄격한 피드백,1:1,월 1회 미만,,실력 향상,야외 코트,주 1회 미만,10만 원 미만
M577,29,F,서울 송파구,3-5년,평일 저녁,엄격한 피드백,그룹,주 1회,2승 3패,체력 증진,시설 완비,매일,10만 원 미만
M578,29,F,강원 원주시,0-1년,주말 저녁,친절한 지도,온라인,주 1회,0승 1패,체력 증진,야외 코트,매일,30만 원 이상
M579,18,M,서울 서초구,3-5년,주말 오전,동기부여 중심,그룹,월 1회 미만,0승 2패,취미 유지,미입력,미사용,10-30만 원
M580,18,M,경기 성남시,1-3년,평일 오전,친절한 지도,온라인,월 1회 미만,0승 2패,취미 유지,야외 코트,미사용,10-30만 원
M581,25,F,서울 송파구,3-5년,평일 오전,엄격한 피드백,온라인,주 2회,,체력 증진,실내 코트,매일,10-30만 원
M582,48,M,서울 서초구,5년 이상,평일 오후,동기부여 중심,온라인,주 2회,2승 2패,취미 유지,실내 코트,주 1-2회,30만 원 이상
M583,18,F,경기 성남시,0-1년,주말 오전,미입력,온라인,월 2-3회,0승 2패,실력 향상,실내 코트,매일,30만 원 이상
M584,22,M,서울 서초구,1-3년,평일 저녁,친절한 지도,1:1,주 2회,3승 2패,대회 준비,야외 코트,주 1회 미만,30만 원 이상
M585,41,M,인천 남동구,1-3년,주말 오전,친절한 지도,온라인,주 2회,,체력 증진,야외 코트,주 1-2회,10-30만 원
M586,31,M,서울 강남구,1-3년,평일 저녁,친절한 지도,온라인,주 2회,2승 0패,실력 향상,야외 코트,매일,30만 원 이상
M587,18,M,서울 강남구,3-5년,주말 저녁,친절한 지도,그룹,월 2-3회,1승 2패,취미 유지,접근성,주 1-2회,10만 원 미만
M588,21,M,서울 서초구,1-3년,주말 오전,동기부여 중심,1:1,월 2-3회,3승 3패,체력 증진,야외 코트,주 1-2회,10만 원 미만
M589,18,F,인천 연수구,5년 이상,평일 오후,엄격한 피드백,그룹,주 1회,0승 0패,실력 향상,실내 코트,매일,30만 원 이상
M590,21,M,서울 강남구,1-3년,주말 오전,친절한 지도,온라인,월 2-3회,,실력 향상,미입력,주 1-2회,10만 원 미만
M591,36,M,서울 영등포구,3-5년,주말 오전,엄격한 피드백,1:1,월 1회 미만,,취미 유지,실내 코트,주 1-2회,10만 원 미만
M592,18,F,대전 유성구,5년 이상,평일 저녁,동기부여 중심,온라인,월 2-3회,,체력 증진,야외 코트,주 1-2회,10만 원 미만
M593,41,F,대전 유성구,5년 이상,평일 오후,엄격한 피드백,1:1,주 1회,2승 0패,대회 준비,실내 코트,매일,10-30만 원
M594,51,F,대구 달서구,3-5년,평일 오전,친절한 지도,그룹,주 1회,2승 1패,취미 유지,접근성,주 1-2회,10만 원 미만
M595,26,M,서울 서초구,0-1년,주말 저녁,동기부여 중심,온라인,주 1회,3승 2패,대회 준비,접근성,주 1-2회,10-30만 원
M596,22,F,부산 남구,5년 이상,평일 오후,친절한 지도,1:1,주 2회,,실력 향상,미입력,매일,10만 원 미만
M597,27,M,서울 송파구,3-5년,평일 저녁,친절한 지도,1:1,주 1회,,실력 향상,접근성,미사용,10만 원 미만
M598,18,M,부산 해운대구,5년 이상,주말 저녁,엄격한 피드백,온라인,월 1회 미만,2승 1패,대회 준비,실내 코트,매일,30만 원 이상
M599,27,M,서울 강남구,1-3년,평일 오후,엄격한 피드백,온라인,주 1회,1승 3패,대회 준비,접근성,매일,30만 원 이상
M600,18,F,인천 연수구,0-1년,평일 오후,동기부여 중심,온라인,월 2-3회,1승 2패,대회 준비,야외 코트,주 1-2회,30만 원 이상
M601,31,F,부산 해운대구,5년 이상,주말 저녁,동기부여 중심,온라인,주 2회,2승 0패,대회 준비,실내 코트,매일,10만 원 미만
M602,38,F,광주 광산구,5년 이상,주말 오전,친절한 지도,1:1,주 2회,3승 2패,체력 증진,야외 코트,매일,10만 원 미만
M603,36,F,부산 해운대구,1-3년,주말 오전,친절한 지도,그룹,월 2-3회,3승 1패,체력 증진,실내 코트,주 1회 미만,10만 원 미만
M604,38,M,대전 서구,5년 이상,평일 오후,동기부여 중심,그룹,월 1회 미만,2승 1패,대회 준비,미입력,매일,30만 원 이상
M605,33,F,부산 남구,3-5년,주말 오전,친절한 지도,1:1,주 2회,,체력 증진,접근성,주 1-2회,10-30만 원
M606,49,F,부산 수영구,1-3년,평일 오전,친절한 지도,1:1,월 1회 미만,3승 1패,취미 유지,미입력,매일,10-30만 원
M607,29,F,서울 송파구,1-3년,평일 저녁,친절한 지도,그룹,주 1회,0승 1패,실력 향상,미입력,미사용,10만 원 미만
M608,32,M,부산 해운대구,5년 이상,평일 오후,미입력,1:1,주 1회,1승 0패,체력 증진,실내 코트,주 1회 미만,30만 원 이상
M609,28,M,인천 연수구,0-1년,평일 저녁,친절한 지도,그룹,주 1회,2승 0패,대회 준비,실내 코트,주 1회 미만,30만 원 이상
M610,31,M,부산 해운대구,1-3년,주말 저녁,친절한 지도,1:1,주 1회,,실력 향상,미입력,매일,30만 원 이상
M611,25,M,인천 연수구,5년 이상,주말 오전,친절한 지도,온라인,주 2회,1승 0패,체력 증진,접근성,미사용,30만 원 이상
M612,23,F,서울 영등포구,3-5년,평일 저녁,동기부여 중심,1:1,월 2-3회,2승 2패,실력 향상,시설 완비,주 1회 미만,10만 원 미만
M613,24,M,강원 원주시,0-1년,평일 저녁,엄격한 피드백,온라인,주 2회,1승 1패,취미 유지,시설 완비,주 1회 미만,10-30만 원
M614,33,F,경기 용인시,0-1년,주말 저녁,친절한 지도,그룹,월 1회 미만,1승 1패,실력 향상,실내 코트,미사용,10만 원 미만
M615,34,M,서울 서초구,0-1년,주말 오전,엄격한 피드백,1:1,주 2회,0승 0패,대회 준비,야외 코트,주 1회 미만,10만 원 미만
M616,20,M,광주 북구,0-1년,주말 오전,친절한 지도,1:1,월 2-3회,3승 2패,취미 유지,실내 코트,매일,10-30만 원
M617,25,F,인천 연수구,5년 이상,주말 저녁,동기부여 중심,그룹,주 1회,1승 2패,체력 증진,야외 코트,주 1-2회,10만 원 미만
M618,44,M,대전 유성구,5년 이상,평일 오전,미입력,1:1,주 2회,,실력 향상,접근성,주 1회 미만,30만 원 이상
M619,20,F,대전 서구,1-3년,평일 오후,엄격한 피드백,그룹,주 1회,0승 0패,대회 준비,실내 코트,미사용,30만 원 이상
M620,25,M,광주 북구,1-3년,평일 오후,엄격한 피드백,온라인,주 1회,3승 0패,취미 유지,시설 완비,주 1-2회,10-30만 원
M621,32,M,대구 달서구,1-3년,주말 저녁,엄격한 피드백,그룹,월 2-3회,1승 2패,체력 증진,실내 코트,미사용,10만 원 미만
M622,18,M,광주 광산구,0-1년,주말 저녁,친절한 지도,1:1,월 2-3회,0승 2패,실력 향상,야외 코트,주 1회 미만,30만 원 이상
M623,36,M,강원 원주시,1-3년,주말 오전,동기부여 중심,온라인,주 2회,3승 1패,대회 준비,접근성,매일,10-30만 원
M624,18,F,부산 남구,0-1년,평일 오전,엄격한 피드백,온라인,월 2-3회,2승 2패,체력 증진,실내 코트,주 1회 미만,10만 원 미만
M625,23,M,제주 서귀포시,3-5년,평일 저녁,동기부여 중심,1:1,주 1회,3승 2패,대회 준비,접근성,미사용,30만 원 이상
M626,39,F,부산 수영구,3-5년,평일 오전,친절한 지도,온라인,월 2-3회,,체력 증진,접근성,주 1회 미만,10만 원 미만
M627,28,M,인천 연수구,0-1년,주말 오전,동기부여 중심,그룹,주 2회,2승 0패,대회 준비,시설 완비,주 1-2회,30만 원 이상
M628,29,M,대구 수성구,1-3년,주말 오전,동기부여 중심,1:1,주 2회,0승 0패,체력 증진,야외 코트,주 1회 미만,10-30만 원
M629,18,F,서울 송파구,5년 이상,평일 저녁,엄격한 피드백,온라인,월 2-3회,,체력 증진,실내 코트,주 1회 미만,10만 원 미만
M630,30,F,부산 해운대구,1-3년,주말 저녁,친절한 지도,그룹,주 1회,1승 3패,체력 증진,시설 완비,주 1회 미만,10만 원 미만
M631,36,F,대전 유성구,0-1년,주말 저녁,친절한 지도,그룹,주 1회,0승 0패,실력 향상,접근성,미사용,30만 원 이상
M632,34,M,부산 해운대구,5년 이상,주말 오전,동기부여 중심,그룹,월 2-3회,2승 3패,대회 준비,실내 코트,주 1-2회,10-30만 원
M633,34,M,서울 영등포구,5년 이상,주말 저녁,엄격한 피드백,그룹,주 2회,3승 2패,취미 유지,시설 완비,주 1회 미만,10-30만 원
M634,26,M,서울 강남구,1-3년,평일 저녁,엄격한 피드백,1:1,주 1회,2승 2패,취미 유지,실내 코트,매일,10-30만 원
M635,26,F,서울 서초구,3-5년,평일 오후,친절한 지도,1:1,주 1회,,실력 향상,실내 코트,주 1-2회,10-30만 원
M636,39,M,서울 강남구,3-5년,주말 저녁,동기부여 중심,1:1,월 1회 미만,2승 3패,실력 향상,야외 코트,주 1회 미만,30만 원 이상
M637,22,F,서울 서초구,3-5년,평일 오후,친절한 지도,1:1,월 1회 미만,3승 2패,대회 준비,시설 완비,매일,30만 원 이상
M638,44,F,인천 연수구,3-5년,평일 오후,엄격한 피드백,온라인,월 1회 미만,3승 0패,취미 유지,야외 코트,주 1회 미만,10만 원 미만
M639,20,F,서울 송파구,5년 이상,평일 저녁,엄격한 피드백,온라인,월 1회 미만,,체력 증진,접근성,주 1-2회,30만 원 이상
M640,23,M,대전 유성구,5년 이상,주말 저녁,친절한 지도,그룹,주 2회,,대회 준비,시설 완비,주 1회 미만,10-30만 원
M641,38,M,서울 강남구,5년 이상,평일 오후,엄격한 피드백,1:1,주 1회,3승 0패,취미 유지,실내 코트,미사용,10만 원 미만
M642,23,M,부산 수영구,5년 이상,평일 오후,동기부여 중심,1:1,월 1회 미만,2승 0패,실력 향상,미입력,주 1-2회,10-30만 원
M643,25,M,서울 송파구,1-3년,평일 오전,동기부여 중심,1:1,주 2회,3승 1패,대회 준비,시설 완비,매일,30만 원 이상
M644,29,M,서울 송파구,3-5년,평일 저녁,동기부여 중심,온라인,주 1회,3승 0패,대회 준비,야외 코트,매일,30만 원 이상
M645,30,F,경기 성남시,5년 이상,평일 오전,친절한 지도,1:1,주 2회,2승 2패,체력 증진,접근성,주 1회 미만,10-30만 원
M646,32,M,서울 서초구,5년 이상,평일 오전,엄격한 피드백,그룹,월 1회 미만,2승 2패,실력 향상,실내 코트,주 1회 미만,10만 원 미만
M647,40,M,부산 수영구,5년 이상,평일 오전,엄격한 피드백,그룹,주 2회,2승 3패,취미 유지,시설 완비,주 1-2회,30만 원 이상
M648,27,M,강원 원주시,0-1년,평일 오후,미입력,온라인,주 2회,,취미 유지,야외 코트,미사용,30만 원 이상
M649,24,F,인천 연수구,1-3년,주말 저녁,동기부여 중심,그룹,주 2회,1승 0패,대회 준비,접근성,미사용,30만 원 이상
M650,26,F,부산 남구,3-5년,평일 저녁,친절한 지도,그룹,주 1회,2승 3패,취미 유지,실내 코트,미사용,30만 원 이상
M651,36,M,광주 북구,5년 이상,주말 저녁,친절한 지도,온라인,월 2-3회,,대회 준비,접근성,주 1-2회,30만 원 이상
M652,24,M,대전 유성구,3-5년,평일 오전,친절한 지도,온라인,월 1회 미만,,실력 향상,시설 완비,주 1회 미만,10만 원 미만
M653,37,M,광주 광산구,5년 이상,주말 오전,엄격한 피드백,1:1,주 2회,,체력 증진,미입력,매일,10-30만 원
M654,18,M,인천 연수구,1-3년,평일 저녁,미입력,온라인,주 2회,1승 1패,취미 유지,실내 코트,미사용,10-30만 원
M655,21,M,경기 성남시,1-3년,평일 오전,친절한 지도,1:1,주 1회,,실력 향상,접근성,매일,10-30만 원
M656,26,F,대구 달서구,0-1년,주말 오전,친절한 지도,그룹,월 1회 미만,1승 1패,취미 유지,시설 완비,주 1회 미만,30만 원 이상
M657,59,F,서울 강남구,0-1년,평일 저녁,친절한 지도,1:1,주 1회,0승 1패,체력 증진,시설 완비,매일,10-30만 원
M658,18,F,경기 용인시,5년 이상,평일 오후,친절한 지도,온라인,주 1회,3승 3패,취미 유지,야외 코트,미사용,30만 원 이상
M659,36,M,부산 해운대구,1-3년,주말 저녁,미입력,그룹,월 2-3회,2승 2패,취미 유지,시설 완비,매일,10만 원 미만
M660,28,M,대구 수성구,0-1년,주말 저녁,엄격한 피드백,온라인,월 2-3회,2승 1패,실력 향상,실내 코트,주 1-2회,10-30만 원
M661,28,M,서울 영등포구,0-1년,주말 저녁,미입력,그룹,월 2-3회,3승 2패,체력 증진,실내 코트,매일,10만 원 미만
M662,38,M,서울 강남구,3-5년,평일 오전,동기부여 중심,온라인,주 1회,0승 1패,실력 향상,실내 코트,미사용,10-30만 원
M663,45,M,경기 성남시,3-5년,평일 오후,미입력,그룹,주 2회,2승 2패,대회 준비,야외 코트,주 1회 미만,10-30만 원
M664,41,F,광주 북구,0-1년,주말 오전,미입력,1:1,주 2회,3승 3패,취미 유지,접근성,미사용,30만 원 이상
M665,24,M,인천 연수구,1-3년,평일 오후,친절한 지도,그룹,주 2회,2승 0패,대회 준비,접근성,미사용,10만 원 미만
M666,34,M,강원 원주시,5년 이상,주말 저녁,동기부여 중심,1:1,월 1회 미만,3승 3패,대회 준비,미입력,주 1회 미만,10만 원 미만
M667,46,M,대전 유성구,1-3년,주말 저녁,친절한 지도,그룹,주 1회,,취미 유지,실내 코트,미사용,10만 원 미만
M668,21,F,대구 수성구,3-5년,평일 저녁,동기부여 중심,그룹,월 2-3회,1승 1패,취미 유지,실내 코트,미사용,30만 원 이상
M669,18,M,부산 남구,0-1년,평일 오전,친절한 지도,온라인,월 1회 미만,0승 3패,취미 유지,접근성,주 1회 미만,10-30만 원
M670,26,F,대전 유성구,3-5년,평일 오후,엄격한 피드백,온라인,월 1회 미만,,대회 준비,접근성,주 1-2회,30만 원 이상
M671,21,M,광주 북구,5년 이상,주말 저녁,친절한 지도,그룹,월 1회 미만,2승 1패,체력 증진,실내 코트,미사용,10만 원 미만
M672,30,M,서울 영등포구,3-5년,평일 오후,엄격한 피드백,그룹,주 2회,2승 1패,체력 증진,야외 코트,매일,10만 원 미만
M673,38,F,서울 마포구,1-3년,주말 저녁,미입력,1:1,월 2-3회,0승 2패,대회 준비,실내 코트,주 1회 미만,10만 원 미만
M674,33,M,서울 서초구,3-5년,평일 오후,친절한 지도,온라인,주 2회,,대회 준비,접근성,주 1-2회,30만 원 이상
M675,30,M,대전 서구,3-5년,주말 저녁,엄격한 피드백,1:1,월 1회 미만,2승 3패,체력 증진,실내 코트,매일,10만 원 미만
M676,37,M,인천 연수구,5년 이상,평일 오전,미입력,그룹,주 2회,,취미 유지,실내 코트,미사용,10-30만 원
M677,29,M,서울 송파구,3-5년,주말 오전,엄격한 피드백,그룹,주 1회,3승 2패,실력 향상,실내 코트,미사용,30만 원 이상
M678,23,M,서울 강남구,0-1년,주말 저녁,친절한 지도,온라인,월 2-3회,,실력 향상,야외 코트,미사용,10만 원 미만
M679,30,F,부산 해운대구,1-3년,주말 저녁,친절한 지도,1:1,월 2-3회,1승 1패,체력 증진,시설 완비,주 1회 미만,30만 원 이상
M680,25,F,서울 마포구,0-1년,주말 저녁,동기부여 중심,1:1,주 1회,,취미 유지,야외 코트,주 1-2회,30만 원 이상
M681,32,F,광주 북구,1-3년,주말 저녁,동기부여 중심,온라인,월 2-3회,0승 0패,취미 유지,실내 코트,매일,10-30만 원
M682,31,M,부산 남구,1-3년,평일 오후,친절한 지도,그룹,주 1회,,실력 향상,야외 코트,미사용,30만 원 이상
M683,33,F,부산 수영구,0-1년,주말 저녁,엄격한 피드백,그룹,월 2-3회,,체력 증진,접근성,미사용,10만 원 미만
M684,19,F,서울 강남구,0-1년,평일 저녁,친절한 지도,그룹,주 2회,3승 2패,실력 향상,시설 완비,주 1회 미만,10만 원 미만
M685,21,F,대전 서구,1-3년,평일 저녁,엄격한 피드백,1:1,월 1회 미만,2승 3패,실력 향상,실내 코트,미사용,10만 원 미만
M686,25,F,대구 달서구,3-5년,주말 오전,친절한 지도,온라인,주 2회,0승 0패,대회 준비,접근성,매일,10-30만 원
M687,28,F,서울 서초구,5년 이상,평일 저녁,동기부여 중심,1:1,주 2회,,취미 유지,시설 완비,미사용,30만 원 이상
M688,20,M,광주 북구,3-5년,주말 오전,엄격한 피드백,온라인,월 2-3회,2승 1패,실력 향상,야외 코트,주 1회 미만,30만 원 이상
M689,29,F,서울 마포구,1-3년,주말 오전,미입력,그룹,월 2-3회,3승 2패,대회 준비,실내 코트,매일,10만 원 미만
M690,19,M,경기 용인시,5년 이상,주말 저녁,동기부여 중심,그룹,월 2-3회,,체력 증진,접근성,미사용,10만 원 미만
M691,44,M,대전 서구,1-3년,주말 오전,미입력,온라인,월 2-3회,2승 0패,체력 증진,접근성,주 1회 미만,10-30만 원
M692,23,M,경기 용인시,5년 이상,주말 저녁,친절한 지도,그룹,주 2회,3승 0패,대회 준비,접근성,주 1회 미만,10만 원 미만
M693,18,F,제주 서귀포시,3-5년,주말 오전,엄격한 피드백,온라인,주 1회,2승 3패,실력 향상,미입력,매일,10-30만 원
M694,22,M,서울 마포구,0-1년,주말 오전,동기부여 중심,1:1,월 2-3회,,실력 향상,시설 완비,매일,10만 원 미만
M695,44,M,인천 연수구,3-5년,평일 오전,미입력,그룹,주 2회,2승 3패,체력 증진,야외 코트,주 1회 미만,30만 원 이상
M696,43,F,광주 북구,0-1년,주말 저녁,친절한 지도,그룹,월 2-3회,3승 0패,대회 준비,시설 완비,주 1-2회,30만 원 이상
M697,56,M,대전 유성구,3-5년,평일 오후,엄격한 피드백,1:1,주 2회,0승 3패,체력 증진,실내 코트,주 1-2회,10-30만 원
M698,19,F,부산 해운대구,5년 이상,평일 오후,친절한 지도,1:1,월 1회 미만,2승 1패,실력 향상,야외 코트,주 1회 미만,30만 원 이상
M699,31,M,서울 송파구,0-1년,평일 오후,동기부여 중심,그룹,주 1회,2승 3패,취미 유지,실내 코트,주 1회 미만,10만 원 미만
M700,18,F,부산 수영구,0-1년,평일 오전,동기부여 중심,온라인,월 2-3회,3승 2패,실력 향상,야외 코트,매일,10만 원 미만
M701,20,F,대전 유성구,1-3년,주말 오전,친절한 지도,1:1,주 1회,0승 1패,대회 준비,시설 완비,주 1회 미만,30만 원 이상
M702,34,F,부산 해운대구,0-1년,평일 오전,미입력,1:1,월 2-3회,1승 3패,체력 증진,미입력,주 1-2회,30만 원 이상
M703,35,M,대구 수성구,3-5년,평일 저녁,동기부여 중심,1:1,주 2회,1승 0패,체력 증진,실내 코트,매일,10만 원 미만
M704,38,M,서울 영등포구,0-1년,평일 오후,미입력,온라인,월 1회 미만,3승 0패,체력 증진,시설 완비,주 1-2회,10만 원 미만
M705,18,F,대구 달서구,1-3년,평일 저녁,친절한 지도,그룹,주 1회,3승 3패,실력 향상,접근성,주 1회 미만,10-30만 원
M706,24,F,대전 서구,5년 이상,주말 저녁,동기부여 중심,그룹,주 1회,1승 0패,대회 준비,시설 완비,주 1회 미만,10만 원 미만
M707,18,F,서울 강남구,1-3년,평일 오후,친절한 지도,1:1,주 2회,0승 3패,실력 향상,시설 완비,주 1회 미만,30만 원 이상
M708,20,F,대전 서구,1-3년,평일 저녁,엄격한 피드백,그룹,주 2회,,대회 준비,야외 코트,매일,10-30만 원
M709,18,M,서울 송파구,0-1년,평일 오전,엄격한 피드백,1:1,주 1회,,취미 유지,미입력,매일,10-30만 원
M710,18,M,대구 수성구,3-5년,주말 저녁,미입력,온라인,월 2-3회,,체력 증진,야외 코트,주 1회 미만,10-30만 원
M711,20,F,부산 수영구,0-1년,주말 저녁,미입력,그룹,월 2-3회,3승 2패,실력 향상,실내 코트,미사용,30만 원 이상
M712,27,F,광주 광산구,0-1년,주말 저녁,친절한 지도,1:1,월 2-3회,3승 3패,취미 유지,실내 코트,미사용,10만 원 미만
M713,30,F,인천 연수구,3-5년,주말 저녁,미입력,그룹,주 2회,1승 1패,대회 준비,실내 코트,주 1-2회,10만 원 미만
M714,25,F,서울 송파구,1-3년,주말 오전,친절한 지도,그룹,월 1회 미만,0승 3패,체력 증진,실내 코트,미사용,30만 원 이상
M715,43,M,대구 수성구,1-3년,주말 오전,친절한 지도,1:1,주 2회,,체력 증진,시설 완비,주 1회 미만,30만 원 이상
M716,46,M,부산 해운대구,0-1년,평일 오후,동기부여 중심,1:1,월 1회 미만,1승 3패,실력 향상,미입력,주 1-2회,30만 원 이상
M717,18,M,대구 수성구,3-5년,주말 오전,친절한 지도,온라인,월 2-3회,,취미 유지,미입력,매일,10-30만 원
M718,39,M,강원 원주시,0-1년,평일 오전,엄격한 피드백,온라인,주 1회,,체력 증진,야외 코트,매일,10만 원 미만
M719,22,M,부산 해운대구,5년 이상,주말 오전,친절한 지도,1:1,주 2회,0승 0패,취미 유지,시설 완비,주 1회 미만,30만 원 이상
M720,30,M,서울 송파구,3-5년,주말 오전,엄격한 피드백,온라인,주 2회,,취미 유지,접근성,주 1회 미만,10-30만 원
M721,25,F,광주 북구,1-3년,평일 오후,친절한 지도,온라인,월 2-3회,,대회 준비,미입력,주 1회 미만,30만 원 이상
M722,34,M,부산 남구,0-1년,주말 저녁,엄격한 피드백,그룹,주 2회,1승 2패,대회 준비,접근성,주 1-2회,30만 원 이상
M723,46,M,서울 마포구,3-5년,주말 오전,친절한 지도,온라인,월 2-3회,1승 0패,체력 증진,접근성,매일,10만 원 미만
M724,18,M,서울 송파구,1-3년,주말 저녁,친절한 지도,그룹,월 2-3회,0승 1패,체력 증진,시설 완비,미사용,10-30만 원
M725,41,F,대구 수성구,5년 이상,평일 오후,엄격한 피드백,그룹,월 2-3회,1승 2패,체력 증진,실내 코트,매일,10만 원 미만
M726,30,M,서울 송파구,5년 이상,주말 저녁,친절한 지도,그룹,주 1회,,체력 증진,실내 코트,미사용,30만 원 이상
M727,37,M,서울 마포구,5년 이상,주말 오전,엄격한 피드백,1:1,주 1회,2승 2패,실력 향상,실내 코트,매일,30만 원 이상
M728,19,F,서울 영등포구,0-1년,평일 저녁,엄격한 피드백,온라인,주 1회,1승 0패,체력 증진,야외 코트,주 1회 미만,30만 원 이상
M729,31,F,서울 서초구,5년 이상,주말 저녁,미입력,그룹,월 1회 미만,0승 1패,취미 유지,실내 코트,매일,10-30만 원
M730,18,M,대전 서구,0-1년,주말 저녁,엄격한 피드백,1:1,월 1회 미만,,취미 유지,실내 코트,매일,10-30만 원
M731,24,F,경기 성남시,0-1년,평일 오후,엄격한 피드백,그룹,월 1회 미만,1승 2패,취미 유지,시설 완비,매일,30만 원 이상
M732,31,F,대구 수성구,3-5년,평일 저녁,엄격한 피드백,온라인,주 1회,1승 3패,대회 준비,시설 완비,미사용,10-30만 원
M733,25,F,서울 마포구,0-1년,평일 오전,동기부여 중심,온라인,월 2-3회,3승 3패,체력 증진,실내 코트,미사용,10만 원 미만
M734,59,M,부산 남구,1-3년,평일 오후,동기부여 중심,온라인,월 2-3회,2승 2패,취미 유지,실내 코트,미사용,10만 원 미만
M735,18,F,대전 유성구,1-3년,주말 오전,친절한 지도,그룹,월 2-3회,1승 3패,실력 향상,실내 코트,매일,10-30만 원
M736,26,M,강원 원주시,1-3년,주말 저녁,친절한 지도,온라인,월 2-3회,1승 2패,실력 향상,실내 코트,주 1회 미만,10-30만 원
M737,29,M,서울 강남구,1-3년,평일 저녁,미입력,그룹,주 1회,,대회 준비,시설 완비,주 1회 미만,30만 원 이상
M738,29,M,서울 강남구,3-5년,평일 오전,엄격한 피드백,온라인,주 1회,0승 1패,실력 향상,접근성,주 1회 미만,10만 원 미만
M739,28,M,인천 연수구,5년 이상,평일 저녁,친절한 지도,온라인,주 1회,1승 1패,실력 향상,시설 완비,미사용,10만 원 미만
M740,48,F,부산 남구,1-3년,주말 저녁,친절한 지도,그룹,주 1회,3승 1패,체력 증진,시설 완비,미사용,10만 원 미만
M741,21,F,서울 영등포구,1-3년,주말 오전,동기부여 중심,그룹,주 2회,,실력 향상,야외 코트,매일,10-30만 원
M742,28,F,서울 서초구,0-1년,평일 오전,엄격한 피드백,그룹,주 2회,,대회 준비,야외 코트,매일,10-30만 원
M743,37,F,서울 송파구,0-1년,주말 오전,친절한 지도,1:1,월 1회 미만,,실력 향상,실내 코트,주 1-2회,10-30만 원
M744,42,M,서울 서초구,0-1년,평일 오전,엄격한 피드백,그룹,주 2회,1승 2패,취미 유지,미입력,주 1회 미만,10-30만 원
M745,22,F,서울 마포구,5년 이상,평일 오전,엄격한 피드백,1:1,월 2-3회,1승 3패,대회 준비,실내 코트,미사용,30만 원 이상
M746,18,F,서울 송파구,5년 이상,평일 저녁,엄격한 피드백,온라인,주 2회,3승 2패,취미 유지,미입력,주 1회 미만,10-30만 원
M747,24,F,서울 영등포구,0-1년,주말 오전,친절한 지도,그룹,주 2회,3승 3패,취미 유지,미입력,주 1회 미만,10-30만 원
M748,18,F,대구 수성구,3-5년,평일 오전,친절한 지도,그룹,월 2-3회,3승 1패,취미 유지,야외 코트,매일,10-30만 원
M749,21,F,부산 남구,3-5년,평일 저녁,친절한 지도,온라인,주 2회,,실력 향상,실내 코트,미사용,10-30만 원
M750,35,F,서울 강남구,5년 이상,평일 저녁,친절한 지도,온라인,월 2-3회,,체력 증진,야외 코트,주 1-2회,10-30만 원
M751,30,F,서울 영등포구,1-3년,평일 저녁,엄격한 피드백,1:1,월 2-3회,0승 0패,실력 향상,접근성,주 1-2회,10만 원 미만
M752,26,F,부산 해운대구,1-3년,평일 저녁,미입력,온라인,월 1회 미만,0승 2패,실력 향상,야외 코트,매일,10-30만 원
M753,25,M,서울 영등포구,3-5년,평일 오후,친절한 지도,그룹,월 1회 미만,,실력 향상,접근성,주 1회 미만,10-30만 원
M754,44,M,경기 성남시,5년 이상,평일 오후,미입력,1:1,주 2회,3승 0패,실력 향상,접근성,매일,10만 원 미만
M755,18,M,경기 용인시,1-3년,평일 오후,친절한 지도,그룹,주 2회,0승 0패,취미 유지,야외 코트,주 1-2회,10-30만 원
M756,37,F,부산 수영구,1-3년,평일 저녁,엄격한 피드백,그룹,주 1회,0승 2패,실력 향상,미입력,주 1회 미만,10-30만 원
M757,18,F,경기 용인시,1-3년,주말 오전,엄격한 피드백,그룹,월 1회 미만,3승 2패,실력 향상,야외 코트,주 1-2회,10-30만 원
M758,36,M,인천 남동구,3-5년,평일 오후,친절한 지도,1:1,월 2-3회,2승 1패,체력 증진,실내 코트,매일,30만 원 이상
M759,24,M,강원 원주시,0-1년,평일 오전,동기부여 중심,온라인,주 1회,,대회 준비,접근성,주 1회 미만,10-30만 원
M760,28,F,대구 달서구,0-1년,주말 저녁,친절한 지도,1:1,주 2회,1승 0패,실력 향상,실내 코트,주 1-2회,10-30만 원
M761,27,M,대전 서구,0-1년,평일 오후,미입력,그룹,월 2-3회,3승 0패,대회 준비,시설 완비,주 1회 미만,10만 원 미만
M762,18,F,서울 서초구,0-1년,평일 오후,동기부여 중심,1:1,월 2-3회,,대회 준비,야외 코트,매일,10만 원 미만
M763,29,M,경기 용인시,1-3년,평일 저녁,동기부여 중심,온라인,월 1회 미만,0승 3패,대회 준비,접근성,주 1회 미만,10-30만 원
M764,49,M,서울 마포구,3-5년,평일 저녁,친절한 지도,그룹,월 2-3회,1승 1패,취미 유지,야외 코트,주 1-2회,10-30만 원
M765,35,F,서울 영등포구,3-5년,평일 오후,친절한 지도,온라인,주 1회,1승 3패,대회 준비,시설 완비,매일,30만 원 이상
M766,31,M,광주 광산구,1-3년,주말 오전,엄격한 피드백,1:1,월 2-3회,1승 2패,취미 유지,실내 코트,매일,30만 원 이상
M767,37,F,인천 남동구,0-1년,주말 저녁,엄격한 피드백,1:1,월 1회 미만,2승 1패,실력 향상,실내 코트,미사용,10만 원 미만
M768,18,M,대전 서구,3-5년,평일 저녁,친절한 지도,온라인,주 2회,,체력 증진,실내 코트,미사용,30만 원 이상
M769,21,F,서울 강남구,0-1년,평일 저녁,엄격한 피드백,1:1,월 2-3회,0승 1패,대회 준비,야외 코트,주 1회 미만,10-30만 원
M770,37,M,서울 마포구,1-3년,주말 저녁,동기부여 중심,1:1,주 1회,,대회 준비,실내 코트,미사용,30만 원 이상
M771,20,F,부산 수영구,1-3년,평일 저녁,친절한 지도,1:1,주 1회,2승 2패,체력 증진,시설 완비,매일,10만 원 미만
M772,19,F,서울 마포구,3-5년,평일 저녁,친절한 지도,1:1,주 2회,,취미 유지,시설 완비,주 1-2회,10만 원 미만
M773,18,M,대구 수성구,1-3년,평일 저녁,엄격한 피드백,그룹,월 1회 미만,0승 3패,체력 증진,미입력,매일,30만 원 이상
M774,48,F,부산 남구,3-5년,평일 오후,엄격한 피드백,1:1,주 1회,0승 2패,취미 유지,미입력,주 1회 미만,10-30만 원
M775,31,F,서울 서초구,0-1년,주말 저녁,동기부여 중심,온라인,주 1회,,대회 준비,실내 코트,주 1회 미만,10-30만 원
M776,35,F,대구 수성구,5년 이상,평일 저녁,엄격한 피드백,온라인,월 1회 미만,0승 3패,체력 증진,접근성,매일,30만 원 이상
M777,30,M,부산 해운대구,1-3년,평일 오후,동기부여 중심,그룹,월 1회 미만,0승 1패,체력 증진,야외 코트,주 1회 미만,10-30만 원
M778,25,F,인천 연수구,0-1년,주말 오전,미입력,온라인,월 2-3회,,체력 증진,미입력,주 1-2회,10만 원 미만
M779,27,F,서울 송파구,0-1년,평일 오전,친절한 지도,그룹,월 1회 미만,,취미 유지,실내 코트,미사용,10-30만 원
M780,38,F,서울 송파구,1-3년,평일 저녁,친절한 지도,그룹,주 1회,0승 1패,체력 증진,야외 코트,매일,30만 원 이상
M781,18,F,인천 남동구,0-1년,주말 오전,친절한 지도,그룹,주 1회,,체력 증진,야외 코트,주 1-2회,10-30만 원
M782,46,M,서울 강남구,3-5년,평일 오후,동기부여 중심,1:1,주 1회,2승 3패,실력 향상,야외 코트,주 1-2회,10만 원 미만
M783,29,F,대구 수성구,3-5년,평일 저녁,엄격한 피드백,온라인,주 1회,2승 1패,대회 준비,실내 코트,매일,30만 원 이상
M784,18,M,부산 해운대구,3-5년,평일 오후,엄격한 피드백,1:1,주 1회,,실력 향상,야외 코트,미사용,30만 원 이상
M785,26,M,대전 유성구,1-3년,주말 오전,동기부여 중심,1:1,주 1회,,실력 향상,야외 코트,주 1회 미만,10만 원 미만
M786,22,M,광주 북구,1-3년,평일 오전,미입력,온라인,월 2-3회,,체력 증진,실내 코트,매일,30만 원 이상
M787,35,F,서울 서초구,5년 이상,평일 오전,동기부여 중심,1:1,월 1회 미만,1승 0패,실력 향상,접근성,미사용,10-30만 원
M788,18,기타,광주 광산구,5년 이상,주말 오전,동기부여 중심,1:1,월 1회 미만,0승 2패,취미 유지,야외 코트,주 1-2회,30만 원 이상
M789,36,F,인천 남동구,5년 이상,평일 오전,친절한 지도,그룹,월 1회 미만,,취미 유지,야외 코트,주 1회 미만,10만 원 미만
M790,28,F,강원 원주시,3-5년,평일 오전,엄격한 피드백,온라인,주 2회,3승 0패,체력 증진,접근성,주 1-2회,10만 원 미만
M791,39,F,부산 수영구,5년 이상,주말 오전,친절한 지도,그룹,월 2-3회,2승 1패,대회 준비,미입력,매일,30만 원 이상
M792,34,F,경기 성남시,0-1년,평일 저녁,동기부여 중심,1:1,월 2-3회,2승 0패,실력 향상,시설 완비,미사용,10만 원 미만
M793,60,M,서울 서초구,3-5년,주말 저녁,동기부여 중심,온라인,월 1회 미만,1승 0패,체력 증진,시설 완비,주 1-2회,10-30만 원
M794,34,F,서울 마포구,0-1년,평일 오전,친절한 지도,1:1,월 2-3회,1승 0패,체력 증진,시설 완비,주 1회 미만,10만 원 미만
M795,18,M,서울 영등포구,3-5년,평일 저녁,동기부여 중심,그룹,주 1회,,실력 향상,야외 코트,주 1-2회,10만 원 미만
M796,22,F,서울 마포구,3-5년,주말 저녁,친절한 지도,1:1,주 2회,,체력 증진,시설 완비,매일,10만 원 미만
M797,36,M,부산 남구,1-3년,평일 오후,동기부여 중심,1:1,월 1회 미만,0승 2패,실력 향상,시설 완비,주 1회 미만,10-30만 원
M798,23,F,대구 수성구,0-1년,평일 오전,엄격한 피드백,온라인,주 2회,0승 3패,실력 향상,실내 코트,매일,10-30만 원
M799,27,M,서울 송파구,5년 이상,주말 오전,친절한 지도,1:1,주 2회,0승 3패,체력 증진,실내 코트,주 1회 미만,10만 원 미만
M800,33,M,부산 남구,1-3년,평일 저녁,엄격한 피드백,1:1,주 2회,3승 3패,체력 증진,야외 코트,주 1-2회,30만 원 이상
M801,37,M,부산 해운대구,5년 이상,주말 저녁,동기부여 중심,1:1,월 2-3회,3승 1패,실력 향상,실내 코트,미사용,10-30만 원
M802,38,M,서울 영등포구,1-3년,평일 오후,엄격한 피드백,그룹,주 1회,1승 2패,취미 유지,접근성,미사용,10-30만 원
M803,31,M,대구 수성구,0-1년,주말 오전,엄격한 피드백,1:1,월 2-3회,,취미 유지,야외 코트,매일,10-30만 원
M804,41,M,경기 용인시,0-1년,평일 오전,친절한 지도,1:1,월 1회 미만,0승 0패,체력 증진,실내 코트,미사용,10만 원 미만
M805,21,M,제주 서귀포시,3-5년,주말 오전,미입력,그룹,주 1회,0승 0패,대회 준비,시설 완비,미사용,10만 원 미만
M806,35,M,서울 강남구,1-3년,주말 저녁,동기부여 중심,1:1,주 1회,2승 0패,체력 증진,실내 코트,미사용,10-30만 원
M807,37,F,부산 해운대구,0-1년,평일 오후,동기부여 중심,그룹,월 1회 미만,,실력 향상,실내 코트,미사용,10만 원 미만
M808,23,M,인천 남동구,5년 이상,평일 오전,동기부여 중심,그룹,주 1회,,취미 유지,실내 코트,주 1회 미만,10-30만 원
M809,33,F,광주 광산구,0-1년,평일 저녁,친절한 지도,1:1,주 2회,0승 2패,실력 향상,실내 코트,주 1회 미만,10만 원 미만
M810,26,M,서울 강남구,5년 이상,평일 오후,친절한 지도,그룹,월 1회 미만,,취미 유지,시설 완비,주 1회 미만,10만 원 미만
M811,32,M,대전 서구,1-3년,평일 오전,친절한 지도,온라인,주 2회,3승 1패,대회 준비,시설 완비,주 1-2회,30만 원 이상
M812,29,M,부산 남구,0-1년,평일 오후,동기부여 중심,온라인,월 1회 미만,2승 0패,취미 유지,시설 완비,매일,10만 원 미만
M813,25,F,서울 서초구,0-1년,평일 오전,친절한 지도,온라인,주 1회,1승 0패,대회 준비,미입력,매일,10만 원 미만
M814,26,F,대구 달서구,3-5년,평일 오후,친절한 지도,그룹,주 2회,2승 1패,실력 향상,접근성,미사용,10-30만 원
M815,32,M,대전 서구,3-5년,주말 저녁,동기부여 중심,그룹,월 2-3회,,실력 향상,야외 코트,매일,10만 원 미만
M816,29,F,서울 마포구,0-1년,주말 오전,친절한 지도,1:1,월 2-3회,,대회 준비,실내 코트,주 1회 미만,10-30만 원
M817,21,M,서울 강남구,3-5년,주말 저녁,친절한 지도,1:1,주 1회,1승 2패,체력 증진,실내 코트,주 1회 미만,10-30만 원
M818,28,F,인천 남동구,5년 이상,평일 저녁,미입력,그룹,월 2-3회,,실력 향상,실내 코트,매일,30만 원 이상
M819,38,M,서울 강남구,3-5년,평일 오전,엄격한 피드백,1:1,주 1회,,취미 유지,시설 완비,매일,30만 원 이상
M820,29,M,서울 송파구,1-3년,평일 오후,엄격한 피드백,온라인,월 1회 미만,0승 2패,대회 준비,접근성,매일,30만 원 이상
M821,26,F,서울 마포구,3-5년,주말 저녁,친절한 지도,그룹,주 2회,3승 2패,실력 향상,야외 코트,주 1회 미만,10-30만 원
M822,34,F,인천 남동구,1-3년,주말 오전,동기부여 중심,1:1,주 2회,,취미 유지,실내 코트,미사용,30만 원 이상
M823,22,F,대전 유성구,3-5년,주말 오전,동기부여 중심,그룹,주 1회,,체력 증진,시설 완비,주 1-2회,30만 원 이상
M824,48,F,광주 북구,5년 이상,주말 저녁,동기부여 중심,온라인,월 2-3회,3승 3패,대회 준비,실내 코트,주 1회 미만,10-30만 원
M825,50,F,서울 송파구,1-3년,주말 저녁,동기부여 중심,1:1,주 1회,0승 2패,대회 준비,실내 코트,주 1-2회,10만 원 미만
M826,25,F,광주 광산구,0-1년,평일 오전,친절한 지도,1:1,월 1회 미만,,취미 유지,실내 코트,매일,10-30만 원
M827,24,F,부산 해운대구,3-5년,평일 저녁,친절한 지도,1:1,월 2-3회,3승 1패,취미 유지,시설 완비,미사용,10만 원 미만
M828,27,F,서울 송파구,5년 이상,주말 저녁,친절한 지도,1:1,주 1회,,취미 유지,야외 코트,주 1회 미만,10-30만 원
M829,30,기타,서울 마포구,0-1년,평일 저녁,친절한 지도,그룹,월 1회 미만,2승 2패,실력 향상,접근성,주 1회 미만,10-30만 원
M830,24,M,대구 달서구,3-5년,평일 저녁,미입력,그룹,월 1회 미만,3승 3패,취미 유지,야외 코트,매일,10-30만 원
M831,41,M,서울 영등포구,5년 이상,평일 오후,동기부여 중심,온라인,월 1회 미만,1승 2패,실력 향상,미입력,주 1회 미만,10만 원 미만
M832,43,F,경기 용인시,1-3년,주말 오전,엄격한 피드백,온라인,주 1회,,취미 유지,실내 코트,매일,10만 원 미만
M833,29,M,광주 광산구,3-5년,주말 오전,엄격한 피드백,1:1,월 1회 미만,0승 0패,체력 증진,시설 완비,미사용,10-30만 원
M834,37,F,인천 남동구,1-3년,주말 오전,엄격한 피드백,그룹,월 1회 미만,,대회 준비,실내 코트,매일,30만 원 이상
M835,46,M,대구 달서구,0-1년,주말 저녁,친절한 지도,그룹,월 1회 미만,1승 0패,실력 향상,실내 코트,미사용,30만 원 이상
M836,37,F,대구 달서구,0-1년,주말 저녁,동기부여 중심,온라인,주 2회,2승 1패,대회 준비,시설 완비,미사용,10만 원 미만
M837,30,F,서울 영등포구,5년 이상,주말 오전,친절한 지도,그룹,주 1회,,취미 유지,실내 코트,주 1회 미만,10만 원 미만
M838,41,F,대구 수성구,0-1년,주말 저녁,엄격한 피드백,온라인,월 1회 미만,,취미 유지,실내 코트,주 1회 미만,30만 원 이상
M839,18,F,경기 용인시,1-3년,주말 저녁,동기부여 중심,그룹,월 2-3회,0승 2패,취미 유지,시설 완비,미사용,30만 원 이상
M840,37,M,서울 영등포구,3-5년,평일 저녁,동기부여 중심,그룹,주 2회,0승 2패,대회 준비,시설 완비,매일,30만 원 이상
M841,18,F,대전 유성구,3-5년,평일 오전,친절한 지도,온라인,주 1회,,실력 향상,실내 코트,주 1회 미만,10-30만 원
M842,29,F,부산 해운대구,5년 이상,평일 저녁,동기부여 중심,온라인,주 2회,2승 2패,취미 유지,실내 코트,주 1-2회,10-30만 원
M843,20,M,서울 서초구,3-5년,주말 오전,친절한 지도,온라인,주 2회,,대회 준비,실내 코트,매일,10만 원 미만
M844,32,F,대구 수성구,0-1년,평일 오전,미입력,온라인,월 1회 미만,3승 3패,체력 증진,야외 코트,주 1-2회,10-30만 원
M845,37,M,경기 성남시,0-1년,주말 오전,엄격한 피드백,온라인,월 2-3회,,체력 증진,실내 코트,매일,10만 원 미만
M846,18,F,경기 용인시,0-1년,주말 저녁,동기부여 중심,그룹,주 2회,1승 0패,대회 준비,시설 완비,매일,10만 원 미만
M847,31,F,경기 성남시,5년 이상,평일 오전,엄격한 피드백,그룹,월 1회 미만,3승 0패,대회 준비,접근성,미사용,30만 원 이상
M848,33,M,광주 광산구,3-5년,평일 저녁,동기부여 중심,온라인,주 1회,3승 1패,실력 향상,시설 완비,미사용,10-30만 원
M849,22,F,서울 강남구,0-1년,평일 오후,엄격한 피드백,그룹,월 1회 미만,0승 2패,취미 유지,실내 코트,주 1회 미만,30만 원 이상
M850,38,F,부산 수영구,5년 이상,평일 오후,친절한 지도,그룹,월 2-3회,1승 3패,체력 증진,접근성,주 1-2회,10-30만 원
M851,36,F,대전 유성구,5년 이상,평일 저녁,엄격한 피드백,그룹,주 1회,2승 3패,실력 향상,접근성,미사용,30만 원 이상
M852,24,M,대전 유성구,1-3년,주말 오전,엄격한 피드백,1:1,주 2회,,대회 준비,미입력,매일,10-30만 원
M853,27,M,부산 남구,0-1년,주말 오전,동기부여 중심,그룹,주 2회,,취미 유지,실내 코트,미사용,30만 원 이상
M854,40,M,서울 송파구,3-5년,평일 오전,친절한 지도,1:1,월 2-3회,,대회 준비,접근성,매일,30만 원 이상
M855,27,M,광주 북구,1-3년,주말 오전,엄격한 피드백,온라인,주 2회,0승 2패,체력 증진,야외 코트,매일,10만 원 미만
M856,21,M,서울 강남구,5년 이상,주말 저녁,엄격한 피드백,그룹,주 1회,3승 2패,실력 향상,접근성,매일,10만 원 미만
M857,19,M,대구 수성구,5년 이상,주말 저녁,동기부여 중심,온라인,월 1회 미만,2승 2패,체력 증진,실내 코트,미사용,10-30만 원
M858,47,F,광주 광산구,0-1년,평일 오후,동기부여 중심,1:1,월 2-3회,0승 1패,체력 증진,야외 코트,주 1회 미만,10만 원 미만
M859,25,F,서울 서초구,5년 이상,주말 저녁,친절한 지도,1:1,주 2회,3승 0패,실력 향상,시설 완비,주 1-2회,30만 원 이상
M860,24,M,제주 서귀포시,3-5년,주말 저녁,동기부여 중심,1:1,주 2회,,체력 증진,야외 코트,주 1-2회,10-30만 원
M861,41,M,서울 송파구,1-3년,평일 저녁,친절한 지도,온라인,주 1회,2승 1패,취미 유지,미입력,미사용,10-30만 원
M862,30,M,부산 남구,3-5년,주말 오전,친절한 지도,온라인,주 2회,0승 1패,취미 유지,시설 완비,매일,10만 원 미만
M863,34,F,인천 남동구,1-3년,평일 저녁,친절한 지도,그룹,주 2회,2승 1패,실력 향상,접근성,주 1회 미만,10만 원 미만
M864,18,M,부산 남구,1-3년,주말 저녁,미입력,1:1,주 2회,,체력 증진,실내 코트,미사용,10만 원 미만
M865,42,F,경기 용인시,3-5년,평일 저녁,친절한 지도,온라인,주 2회,1승 0패,실력 향상,시설 완비,주 1회 미만,30만 원 이상
M866,43,M,경기 용인시,0-1년,주말 오전,엄격한 피드백,온라인,월 2-3회,,실력 향상,야외 코트,매일,10만 원 미만
M867,18,M,대전 서구,3-5년,주말 오전,동기부여 중심,그룹,월 2-3회,3승 2패,체력 증진,야외 코트,주 1-2회,10-30만 원
M868,24,M,서울 송파구,3-5년,주말 오전,친절한 지도,그룹,월 1회 미만,2승 0패,대회 준비,실내 코트,주 1-2회,10-30만 원
M869,29,F,경기 성남시,3-5년,주말 오전,엄격한 피드백,온라인,월 2-3회,,대회 준비,시설 완비,미사용,30만 원 이상
M870,38,F,대구 수성구,3-5년,주말 저녁,동기부여 중심,온라인,월 1회 미만,0승 0패,취미 유지,실내 코트,미사용,10-30만 원
M871,27,M,경기 성남시,1-3년,주말 오전,엄격한 피드백,그룹,월 1회 미만,2승 2패,취미 유지,실내 코트,미사용,30만 원 이상
M872,18,M,인천 남동구,1-3년,주말 오전,친절한 지도,온라인,주 1회,,실력 향상,야외 코트,미사용,30만 원 이상
M873,39,F,부산 해운대구,3-5년,평일 오후,친절한 지도,온라인,주 1회,1승 0패,대회 준비,접근성,주 1회 미만,10만 원 미만
M874,41,M,부산 해운대구,0-1년,주말 오전,엄격한 피드백,그룹,월 1회 미만,,체력 증진,실내 코트,미사용,10만 원 미만
M875,34,F,대구 수성구,3-5년,평일 오후,친절한 지도,온라인,월 2-3회,,체력 증진,실내 코트,주 1회 미만,30만 원 이상
M876,23,M,부산 남구,5년 이상,평일 저녁,엄격한 피드백,그룹,월 1회 미만,1승 3패,체력 증진,실내 코트,주 1회 미만,10-30만 원
M877,36,F,강원 원주시,5년 이상,평일 저녁,엄격한 피드백,온라인,월 1회 미만,2승 0패,실력 향상,실내 코트,주 1회 미만,30만 원 이상
M878,18,M,인천 연수구,1-3년,주말 오전,미입력,온라인,주 1회,2승 3패,대회 준비,실내 코트,주 1-2회,30만 원 이상
M879,27,F,인천 남동구,1-3년,주말 저녁,미입력,그룹,월 2-3회,2승 0패,실력 향상,시설 완비,미사용,10만 원 미만
M880,26,M,대전 유성구,1-3년,평일 오후,동기부여 중심,온라인,주 2회,,대회 준비,실내 코트,매일,10-30만 원
M881,32,F,대전 서구,3-5년,평일 오후,친절한 지도,그룹,주 2회,,실력 향상,야외 코트,미사용,30만 원 이상
M882,34,F,부산 해운대구,3-5년,평일 오전,동기부여 중심,온라인,월 1회 미만,3승 3패,대회 준비,실내 코트,주 1회 미만,30만 원 이상
M883,31,M,서울 강남구,0-1년,평일 오전,엄격한 피드백,1:1,주 2회,,대회 준비,실내 코트,주 1회 미만,10-30만 원
M884,49,기타,강원 원주시,1-3년,평일 오후,친절한 지도,온라인,월 2-3회,,실력 향상,시설 완비,주 1회 미만,10-30만 원
M885,51,F,대구 달서구,5년 이상,평일 오후,엄격한 피드백,1:1,주 1회,0승 0패,취미 유지,시설 완비,미사용,10만 원 미만
M886,28,M,서울 강남구,0-1년,주말 저녁,친절한 지도,온라인,월 2-3회,,실력 향상,실내 코트,미사용,10만 원 미만
M887,28,F,서울 마포구,0-1년,평일 저녁,엄격한 피드백,그룹,월 1회 미만,2승 1패,실력 향상,실내 코트,주 1-2회,10-30만 원
M888,30,M,부산 수영구,5년 이상,평일 오전,엄격한 피드백,온라인,주 1회,,대회 준비,접근성,미사용,10만 원 미만
M889,18,F,서울 서초구,5년 이상,평일 오후,친절한 지도,1:1,주 2회,0승 1패,실력 향상,야외 코트,미사용,30만 원 이상
M890,41,M,서울 서초구,5년 이상,주말 저녁,동기부여 중심,그룹,주 1회,1승 0패,실력 향상,시설 완비,주 1회 미만,10만 원 미만
M891,21,M,서울 마포구,3-5년,평일 저녁,친절한 지도,온라인,주 2회,2승 0패,대회 준비,시설 완비,주 1-2회,30만 원 이상
M892,18,F,대구 수성구,0-1년,평일 저녁,친절한 지도,온라인,월 1회 미만,0승 3패,대회 준비,실내 코트,주 1-2회,30만 원 이상
M893,18,M,강원 원주시,3-5년,평일 오후,동기부여 중심,그룹,주 1회,3승 2패,체력 증진,야외 코트,매일,30만 원 이상
M894,42,M,서울 송파구,3-5년,평일 저녁,친절한 지도,그룹,주 2회,,대회 준비,실내 코트,주 1회 미만,10만 원 미만
M895,39,F,강원 원주시,5년 이상,평일 오전,미입력,온라인,월 2-3회,1승 0패,체력 증진,접근성,주 1-2회,10-30만 원
M896,41,F,서울 영등포구,5년 이상,평일 오후,엄격한 피드백,온라인,월 1회 미만,3승 3패,취미 유지,실내 코트,주 1-2회,10만 원 미만
M897,27,M,대구 수성구,0-1년,평일 오전,친절한 지도,1:1,월 2-3회,2승 0패,취미 유지,접근성,미사용,30만 원 이상
M898,22,M,경기 용인시,3-5년,평일 저녁,미입력,그룹,월 2-3회,1승 0패,체력 증진,실내 코트,매일,10만 원 미만
M899,42,F,서울 강남구,1-3년,평일 오전,미입력,온라인,주 1회,,취미 유지,실내 코트,주 1-2회,30만 원 이상
M900,44,F,서울 송파구,1-3년,평일 저녁,동기부여 중심,온라인,월 2-3회,,체력 증진,야외 코트,매일,30만 원 이상
M901,25,M,인천 연수구,3-5년,평일 오후,동기부여 중심,1:1,월 1회 미만,3승 0패,실력 향상,시설 완비,매일,10만 원 미만
M902,27,F,서울 송파구,5년 이상,평일 오전,친절한 지도,온라인,월 2-3회,,체력 증진,야외 코트,주 1-2회,10만 원 미만
M903,27,M,경기 용인시,1-3년,평일 오후,엄격한 피드백,온라인,월 2-3회,3승 3패,체력 증진,시설 완비,주 1-2회,10만 원 미만
M904,42,M,인천 남동구,0-1년,주말 저녁,엄격한 피드백,온라인,주 2회,,실력 향상,미입력,주 1회 미만,10만 원 미만
M905,44,M,광주 북구,3-5년,주말 오전,미입력,1:1,월 2-3회,,체력 증진,실내 코트,주 1-2회,30만 원 이상
M906,18,M,대구 달서구,0-1년,평일 오후,엄격한 피드백,그룹,월 1회 미만,2승 3패,취미 유지,실내 코트,미사용,10만 원 미만
M907,36,F,경기 용인시,1-3년,평일 오전,친절한 지도,그룹,월 2-3회,,체력 증진,접근성,미사용,10만 원 미만
M908,32,F,서울 강남구,5년 이상,평일 오전,엄격한 피드백,온라인,주 1회,,실력 향상,실내 코트,주 1-2회,30만 원 이상
M909,18,F,인천 연수구,5년 이상,평일 저녁,미입력,1:1,월 2-3회,,실력 향상,실내 코트,미사용,10만 원 미만
M910,18,F,경기 성남시,3-5년,주말 오전,친절한 지도,온라인,월 2-3회,3승 2패,체력 증진,미입력,주 1-2회,30만 원 이상
M911,40,F,부산 해운대구,1-3년,평일 저녁,엄격한 피드백,온라인,월 2-3회,,취미 유지,실내 코트,미사용,10-30만 원
M912,37,M,대구 수성구,5년 이상,평일 저녁,친절한 지도,그룹,주 1회,3승 3패,체력 증진,야외 코트,주 1-2회,30만 원 이상
M913,18,F,서울 송파구,3-5년,평일 오후,친절한 지도,1:1,주 2회,1승 2패,취미 유지,시설 완비,미사용,10만 원 미만
M914,34,F,부산 남구,3-5년,평일 오후,친절한 지도,그룹,주 2회,1승 2패,실력 향상,미입력,매일,10-30만 원
M915,33,M,서울 송파구,0-1년,주말 저녁,동기부여 중심,온라인,주 1회,0승 1패,실력 향상,접근성,주 1회 미만,10만 원 미만
M916,24,F,서울 영등포구,5년 이상,평일 오후,친절한 지도,온라인,월 1회 미만,,실력 향상,실내 코트,주 1-2회,30만 원 이상
M917,23,M,광주 북구,0-1년,평일 저녁,친절한 지도,온라인,주 1회,3승 0패,실력 향상,야외 코트,주 1회 미만,30만 원 이상
M918,29,F,부산 수영구,0-1년,평일 오후,엄격한 피드백,그룹,월 2-3회,,취미 유지,실내 코트,주 1회 미만,30만 원 이상
M919,43,F,서울 영등포구,0-1년,평일 오전,엄격한 피드백,온라인,월 1회 미만,,취미 유지,시설 완비,매일,10만 원 미만
M920,34,M,대전 유성구,0-1년,주말 오전,엄격한 피드백,온라인,주 1회,,취미 유지,미입력,미사용,30만 원 이상
M921,33,F,광주 광산구,5년 이상,주말 오전,동기부여 중심,온라인,주 1회,0승 2패,대회 준비,미입력,매일,30만 원 이상
M922,28,M,인천 남동구,5년 이상,주말 오전,동기부여 중심,그룹,주 1회,,취미 유지,야외 코트,매일,10-30만 원
M923,24,F,부산 수영구,3-5년,주말 오전,엄격한 피드백,온라인,월 2-3회,2승 1패,대회 준비,야외 코트,미사용,30만 원 이상
M924,25,F,부산 해운대구,0-1년,주말 저녁,미입력,그룹,월 2-3회,0승 0패,대회 준비,야외 코트,매일,30만 원 이상
M925,41,M,경기 용인시,1-3년,주말 저녁,친절한 지도,1:1,월 2-3회,1승 1패,실력 향상,시설 완비,매일,10만 원 미만
M926,18,F,서울 송파구,1-3년,평일 오후,친절한 지도,온라인,주 1회,3승 2패,대회 준비,야외 코트,매일,10만 원 미만
M927,56,F,서울 강남구,3-5년,주말 오전,엄격한 피드백,온라인,주 2회,0승 3패,실력 향상,실내 코트,미사용,10-30만 원
M928,34,F,서울 서초구,3-5년,주말 저녁,미입력,온라인,월 1회 미만,3승 3패,체력 증진,시설 완비,주 1회 미만,30만 원 이상
M929,40,F,인천 연수구,0-1년,평일 오전,동기부여 중심,그룹,월 2-3회,,체력 증진,접근성,미사용,10-30만 원
M930,37,F,서울 송파구,5년 이상,평일 오후,엄격한 피드백,그룹,월 1회 미만,2승 1패,실력 향상,실내 코트,매일,10-30만 원
M931,32,F,광주 북구,5년 이상,평일 저녁,엄격한 피드백,1:1,주 2회,0승 3패,취미 유지,실내 코트,매일,10만 원 미만
M932,18,M,제주 서귀포시,0-1년,주말 저녁,친절한 지도,그룹,월 1회 미만,1승 3패,대회 준비,접근성,매일,30만 원 이상
M933,35,M,경기 성남시,3-5년,평일 저녁,친절한 지도,온라인,주 1회,0승 3패,취미 유지,야외 코트,주 1-2회,30만 원 이상
M934,38,M,인천 연수구,5년 이상,주말 저녁,엄격한 피드백,그룹,월 1회 미만,2승 3패,취미 유지,접근성,주 1-2회,10만 원 미만
M935,18,M,서울 송파구,0-1년,평일 저녁,엄격한 피드백,1:1,주 1회,0승 2패,대회 준비,접근성,주 1-2회,30만 원 이상
M936,31,F,서울 마포구,3-5년,평일 저녁,친절한 지도,그룹,월 1회 미만,0승 2패,체력 증진,실내 코트,주 1회 미만,10만 원 미만
M937,18,F,인천 남동구,3-5년,주말 저녁,친절한 지도,온라인,월 2-3회,,대회 준비,실내 코트,미사용,10-30만 원
M938,48,기타,부산 해운대구,5년 이상,주말 오전,친절한 지도,1:1,월 2-3회,,대회 준비,실내 코트,미사용,10-30만 원
M939,40,F,인천 연수구,5년 이상,주말 저녁,동기부여 중심,그룹,주 2회,2승 2패,실력 향상,야외 코트,미사용,30만 원 이상
M940,30,M,인천 연수구,3-5년,평일 오전,친절한 지도,온라인,월 2-3회,0승 3패,체력 증진,접근성,미사용,10-30만 원
M941,23,M,서울 강남구,1-3년,주말 저녁,친절한 지도,그룹,주 1회,3승 0패,실력 향상,접근성,주 1회 미만,10-30만 원
M942,42,M,경기 용인시,3-5년,평일 오후,미입력,1:1,주 2회,,체력 증진,미입력,주 1-2회,10만 원 미만
M943,35,F,경기 용인시,1-3년,주말 저녁,동기부여 중심,그룹,월 2-3회,0승 3패,실력 향상,야외 코트,미사용,10만 원 미만
M944,18,M,서울 서초구,3-5년,평일 저녁,친절한 지도,1:1,월 2-3회,,대회 준비,미입력,주 1-2회,10만 원 미만
M945,18,F,부산 수영구,3-5년,주말 오전,동기부여 중심,1:1,주 1회,2승 2패,체력 증진,시설 완비,주 1회 미만,10만 원 미만
M946,32,M,부산 남구,3-5년,평일 저녁,친절한 지도,온라인,월 1회 미만,0승 1패,실력 향상,실내 코트,매일,10만 원 미만
M947,31,M,대구 달서구,0-1년,주말 오전,친절한 지도,1:1,주 1회,,실력 향상,실내 코트,매일,10만 원 미만
M948,36,F,대구 수성구,0-1년,평일 오전,엄격한 피드백,그룹,월 1회 미만,,체력 증진,실내 코트,주 1회 미만,10만 원 미만
M949,18,F,대전 서구,1-3년,주말 저녁,미입력,1:1,주 2회,1승 2패,실력 향상,실내 코트,매일,10만 원 미만
M950,28,F,대구 달서구,5년 이상,주말 오전,친절한 지도,그룹,주 2회,2승 0패,대회 준비,접근성,주 1-2회,30만 원 이상
M951,30,M,부산 해운대구,3-5년,주말 오전,엄격한 피드백,1:1,주 2회,,취미 유지,시설 완비,주 1회 미만,30만 원 이상
M952,18,F,경기 성남시,0-1년,평일 오전,동기부여 중심,그룹,월 2-3회,3승 2패,대회 준비,야외 코트,미사용,10-30만 원
M953,18,F,서울 강남구,0-1년,주말 저녁,친절한 지도,1:1,주 2회,,취미 유지,시설 완비,미사용,30만 원 이상
M954,34,F,경기 용인시,0-1년,주말 저녁,친절한 지도,그룹,월 1회 미만,2승 0패,대회 준비,접근성,미사용,10-30만 원
M955,25,M,서울 서초구,0-1년,평일 오전,동기부여 중심,1:1,주 1회,,대회 준비,야외 코트,미사용,30만 원 이상
M956,29,F,대구 수성구,5년 이상,주말 저녁,친절한 지도,1:1,주 2회,1승 0패,취미 유지,실내 코트,매일,10만 원 미만
M957,26,F,부산 수영구,5년 이상,평일 오후,엄격한 피드백,온라인,월 1회 미만,1승 3패,취미 유지,접근성,미사용,10-30만 원
M958,33,M,서울 영등포구,0-1년,주말 오전,엄격한 피드백,1:1,주 1회,0승 1패,취미 유지,접근성,주 1회 미만,30만 원 이상
M959,34,M,서울 서초구,3-5년,평일 저녁,친절한 지도,그룹,주 2회,0승 2패,취미 유지,야외 코트,주 1-2회,10-30만 원
M960,23,F,경기 성남시,3-5년,주말 오전,엄격한 피드백,1:1,월 1회 미만,,체력 증진,야외 코트,매일,30만 원 이상
M961,38,M,경기 성남시,3-5년,주말 오전,동기부여 중심,그룹,월 1회 미만,3승 0패,대회 준비,접근성,주 1회 미만,30만 원 이상
M962,20,F,대전 서구,5년 이상,주말 저녁,친절한 지도,온라인,주 2회,1승 3패,체력 증진,시설 완비,매일,10-30만 원
M963,34,M,서울 송파구,0-1년,평일 오후,엄격한 피드백,그룹,주 1회,,체력 증진,접근성,미사용,10만 원 미만
M964,23,M,서울 영등포구,3-5년,평일 저녁,미입력,1:1,월 1회 미만,2승 2패,체력 증진,실내 코트,주 1회 미만,30만 원 이상
M965,39,M,경기 성남시,5년 이상,주말 오전,친절한 지도,온라인,주 2회,3승 3패,취미 유지,야외 코트,매일,30만 원 이상
M966,29,M,대전 유성구,3-5년,평일 저녁,미입력,그룹,월 2-3회,,취미 유지,야외 코트,주 1-2회,10-30만 원
M967,41,F,서울 서초구,0-1년,평일 저녁,친절한 지도,온라인,월 2-3회,2승 3패,실력 향상,접근성,주 1회 미만,30만 원 이상
M968,20,M,서울 송파구,0-1년,주말 저녁,친절한 지도,그룹,월 2-3회,3승 2패,체력 증진,미입력,미사용,10-30만 원
M969,46,F,서울 송파구,5년 이상,평일 저녁,미입력,온라인,주 1회,0승 1패,체력 증진,야외 코트,주 1회 미만,30만 원 이상
M970,36,F,서울 강남구,3-5년,평일 오전,친절한 지도,온라인,주 1회,0승 1패,대회 준비,접근성,매일,10만 원 미만
M971,21,F,대전 유성구,0-1년,평일 저녁,엄격한 피드백,1:1,주 1회,3승 1패,체력 증진,실내 코트,주 1-2회,30만 원 이상
M972,19,M,부산 해운대구,1-3년,주말 저녁,엄격한 피드백,온라인,월 1회 미만,,실력 향상,시설 완비,주 1-2회,10-30만 원
M973,29,M,대전 유성구,0-1년,주말 저녁,엄격한 피드백,온라인,주 2회,0승 3패,대회 준비,실내 코트,매일,30만 원 이상
M974,31,F,경기 성남시,3-5년,평일 저녁,친절한 지도,1:1,주 1회,3승 0패,체력 증진,실내 코트,주 1회 미만,10만 원 미만
M975,29,F,서울 강남구,0-1년,평일 오전,친절한 지도,그룹,주 1회,,체력 증진,시설 완비,매일,30만 원 이상
M976,41,M,대전 서구,0-1년,평일 오전,엄격한 피드백,1:1,월 2-3회,2승 0패,체력 증진,접근성,미사용,10-30만 원
M977,30,F,서울 송파구,0-1년,평일 오전,엄격한 피드백,온라인,주 2회,1승 1패,대회 준비,접근성,주 1-2회,10-30만 원
M978,22,F,부산 수영구,3-5년,평일 저녁,친절한 지도,온라인,월 1회 미만,0승 3패,실력 향상,접근성,매일,10-30만 원
M979,25,기타,인천 남동구,5년 이상,주말 오전,엄격한 피드백,그룹,주 2회,,대회 준비,야외 코트,매일,30만 원 이상
M980,18,기타,부산 수영구,5년 이상,평일 저녁,엄격한 피드백,그룹,월 1회 미만,,대회 준비,미입력,주 1-2회,30만 원 이상
M981,23,기타,부산 수영구,5년 이상,주말 저녁,엄격한 피드백,그룹,주 1회,0승 1패,취미 유지,접근성,매일,10-30만 원
M982,24,F,부산 수영구,1-3년,평일 오후,엄격한 피드백,온라인,월 2-3회,1승 2패,대회 준비,실내 코트,미사용,10만 원 미만
M983,51,F,강원 원주시,0-1년,평일 오전,동기부여 중심,온라인,월 2-3회,3승 2패,실력 향상,접근성,주 1회 미만,10만 원 미만
M984,43,M,인천 남동구,0-1년,평일 저녁,친절한 지도,온라인,주 1회,,실력 향상,시설 완비,매일,10만 원 미만
M985,28,M,서울 송파구,0-1년,주말 저녁,친절한 지도,온라인,주 1회,2승 3패,취미 유지,접근성,매일,30만 원 이상
M986,46,M,부산 수영구,1-3년,주말 오전,친절한 지도,그룹,주 1회,0승 3패,실력 향상,접근성,주 1-2회,30만 원 이상
M987,27,M,서울 서초구,5년 이상,주말 오전,친절한 지도,1:1,월 2-3회,2승 2패,대회 준비,야외 코트,미사용,30만 원 이상
M988,45,M,경기 용인시,0-1년,주말 오전,친절한 지도,1:1,월 1회 미만,3승 2패,대회 준비,시설 완비,주 1회 미만,30만 원 이상
M989,34,F,경기 용인시,1-3년,평일 오전,엄격한 피드백,1:1,주 2회,0승 3패,체력 증진,야외 코트,주 1-2회,10만 원 미만
M990,31,M,부산 해운대구,3-5년,주말 오전,엄격한 피드백,1:1,주 1회,,실력 향상,시설 완비,매일,30만 원 이상
M991,18,M,부산 수영구,3-5년,평일 저녁,동기부여 중심,그룹,월 2-3회,3승 0패,취미 유지,실내 코트,주 1회 미만,30만 원 이상
M992,34,M,서울 송파구,5년 이상,주말 저녁,친절한 지도,온라인,주 2회,,취미 유지,실내 코트,매일,30만 원 이상
M993,32,F,서울 마포구,3-5년,주말 저녁,미입력,1:1,주 1회,0승 0패,체력 증진,야외 코트,주 1회 미만,10만 원 미만
M994,29,F,서울 강남구,1-3년,평일 오전,엄격한 피드백,그룹,월 1회 미만,,체력 증진,야외 코트,주 1회 미만,10-30만 원
M995,44,F,서울 영등포구,1-3년,주말 오전,동기부여 중심,온라인,주 1회,2승 0패,취미 유지,실내 코트,매일,30만 원 이상
M996,34,M,대전 유성구,3-5년,평일 오전,엄격한 피드백,1:1,월 1회 미만,0승 2패,대회 준비,시설 완비,매일,30만 원 이상
M997,28,M,인천 남동구,0-1년,평일 오전,엄격한 피드백,그룹,월 2-3회,1승 0패,대회 준비,시설 완비,주 1-2회,10만 원 미만
M998,30,F,서울 강남구,3-5년,평일 오전,동기부여 중심,그룹,주 2회,3승 3패,체력 증진,실내 코트,미사용,10-30만 원
M999,50,M,광주 광산구,0-1년,평일 오전,동기부여 중심,온라인,월 2-3회,3승 3패,대회 준비,접근성,미사용,10만 원 미만
M1000,33,F,광주 광산구,0-1년,평일 오전,동기부여 중심,온라인,월 1회 미만,,체력 증진,실내 코트,매일,10만 원 미만
