label,status,hit,latency_ms,expected_id,source,top5_ids,top5_names,used_payload_json
경기 의정부시 오목로225번길 15-6 35 120000000만원,200,1,72.1,1231,hit,[1231],['밀회관'],"{""totalAmount"": 120000000, ""monthlyAvgSales"": ""RANGE_10M_20M"", ""mainCategoryId"": [], ""subCategoryId"": [35], ""address"": {""sidoName"": ""경기"", ""gunName"": ""의정부시"", ""dongName"": ""오목로225번길""}, ""exclusiveArea"": ""OVER_30"", ""option"": [""OPERATION_PERIOD"", ""PARKING"", ""SALE_TIME_TYPE""], ""includeSelf"": true, ""excludeSelf"": false, ""topK"": 50, ""isFranchise"": 1, ""salesTimeType"": 0}"
경기 남양주  15 135000000만원,200,1,70.7,905,hit,"[1532, 905, 2283, 2808]","['비허밍스터디카페', '길동우동', '이디야커피', '소낙스서비스']","{""totalAmount"": 135000000, ""monthlyAvgSales"": ""RANGE_0_10M"", ""mainCategoryId"": [], ""subCategoryId"": [15], ""address"": {""sidoName"": ""경기"", ""gunName"": ""남양주"", ""dongName"": """"}, ""exclusiveArea"": ""OVER_20"", ""option"": [""OPERATION_PERIOD"", ""PARKING"", ""SALE_TIME_TYPE""], ""includeSelf"": true, ""excludeSelf"": false, ""topK"": 50, ""isFranchise"": 1, ""salesTimeType"": 0}"
대구 서구 달서로 144-8 42 9000000만원,200,1,76.6,509,hit,"[1850, 585, 509, 2935, 2933]","['미정', '어푸어푸키즈풀', '서부야시장', '프린스턴 학원', '프린스턴 학원']","{""totalAmount"": 9000000, ""monthlyAvgSales"": ""RANGE_0_10M"", ""mainCategoryId"": [], ""subCategoryId"": [42], ""address"": {""sidoName"": ""대구"", ""gunName"": ""서구"", ""dongName"": ""달서로""}, ""exclusiveArea"": ""OVER_10"", ""option"": [""OPERATION_PERIOD"", ""PARKING"", ""SALE_TIME_TYPE""], ""includeSelf"": true, ""excludeSelf"": false, ""topK"": 50, ""isFranchise"": 0, ""salesTimeType"": 0}"
부산 부산진구 중앙대로680번가길 35 100000000만원,200,1,52.8,885,hit,[885],['오하이'],"{""totalAmount"": 100000000, ""monthlyAvgSales"": ""RANGE_20M_30M"", ""mainCategoryId"": [], ""subCategoryId"": [35], ""address"": {""sidoName"": ""부산"", ""gunName"": ""부산진구"", ""dongName"": ""중앙대로680번가길""}, ""exclusiveArea"": ""OVER_30"", ""option"": [""SALE_TIME_TYPE""], ""includeSelf"": true, ""excludeSelf"": false, ""topK"": 50, ""isFranchise"": 0, ""salesTimeType"": 0}"
부산 사상구 사상로 135 37 35000000만원,200,1,67.5,1613,hit,"[1613, 1612, 551]","['호식이두마리치킨', '호식이두마리치킨', '청년피자']","{""totalAmount"": 35000000, ""monthlyAvgSales"": ""RANGE_20M_30M"", ""mainCategoryId"": [], ""subCategoryId"": [37], ""address"": {""sidoName"": ""부산"", ""gunName"": ""사상구"", ""dongName"": ""사상로""}, ""exclusiveArea"": ""ANY"", ""option"": [""OPERATION_PERIOD"", ""PARKING"", ""SALE_TIME_TYPE""], ""includeSelf"": true, ""excludeSelf"": false, ""topK"": 50, ""isFranchise"": 1, ""salesTimeType"": 0}"
경기 고양시 덕양구 통일로 345 30 35000000만원,200,0,69.3,2214,nonhit,"[2416, 2597, 2378, 2295, 2218]","['비라티오커피&캘리포니아도넛', '돈가방돈가스 ', '돼지불백 시골집', '시골집', '스시드래곤']","{""totalAmount"": 35000000, ""monthlyAvgSales"": ""RANGE_30M_50M"", ""mainCategoryId"": [], ""subCategoryId"": [30], ""address"": {""sidoName"": ""경기"", ""gunName"": ""고양시"", ""dongName"": ""덕양구""}, ""exclusiveArea"": ""OVER_10"", ""option"": [""OPERATION_PERIOD"", ""PARKING"", ""EMPLOYEE_TAKEOVER"", ""SALE_TIME_TYPE""], ""includeSelf"": true, ""excludeSelf"": false, ""topK"": 50, ""isFranchise"": 0, ""salesTimeType"": 0}"
서울 구로구 구로동로40길 16 70000000만원,200,1,72.0,2646,hit,"[2631, 2960, 2647, 2646]","['린츄', '반하다', '워시팡팡 셀프빨래방', '워시팡팡 셀프빨래방']","{""totalAmount"": 70000000, ""monthlyAvgSales"": ""RANGE_0_10M"", ""mainCategoryId"": [], ""subCategoryId"": [16], ""address"": {""sidoName"": ""서울"", ""gunName"": ""구로구"", ""dongName"": ""구로동로40길""}, ""exclusiveArea"": ""OVER_10"", ""option"": [""OPERATION_PERIOD"", ""AUTO_OPERATE"", ""SALE_TIME_TYPE""], ""includeSelf"": true, ""excludeSelf"": false, ""topK"": 50, ""isFranchise"": 0, ""salesTimeType"": 0}"
대구 달서구 당산로45길 130 61 8500000만원,200,1,70.8,2935,hit,"[2935, 2933]","['프린스턴 학원', '프린스턴 학원']","{""totalAmount"": 8500000, ""monthlyAvgSales"": ""RANGE_0_10M"", ""mainCategoryId"": [], ""subCategoryId"": [61], ""address"": {""sidoName"": ""대구"", ""gunName"": ""달서구"", ""dongName"": ""당산로45길""}, ""exclusiveArea"": ""OVER_40"", ""option"": [""OPERATION_PERIOD"", ""PARKING"", ""SALE_TIME_TYPE""], ""includeSelf"": true, ""excludeSelf"": false, ""topK"": 50, ""isFranchise"": 0, ""salesTimeType"": 0}"
경기 화성시 동탄대로6길 27 35 130000000만원,200,1,59.5,1056,hit,"[2618, 1056, 1954, 2305, 2304]","['신사우 물갈비', '강군닭발 동탄호수점', '창화당 동탄점', '블리스', '블리스']","{""totalAmount"": 130000000, ""monthlyAvgSales"": ""RANGE_30M_50M"", ""mainCategoryId"": [], ""subCategoryId"": [35], ""address"": {""sidoName"": ""경기"", ""gunName"": ""화성시"", ""dongName"": ""동탄대로6길""}, ""exclusiveArea"": ""OVER_10"", ""option"": [""OPERATION_PERIOD"", ""PARKING"", ""SALE_TIME_TYPE""], ""includeSelf"": true, ""excludeSelf"": false, ""topK"": 50, ""isFranchise"": 0, ""salesTimeType"": 0}"
경기 화성시 우정읍 조암동로10번길 13 42 130000000만원,200,1,70.6,999,hit,"[2107, 601, 999, 50, 321]","['맛깔참죽', '삐사감김밥', '본죽&비빔밥cafe', '아메리칸트레이', '이마트24(emart24)']","{""totalAmount"": 130000000, ""monthlyAvgSales"": ""RANGE_20M_30M"", ""mainCategoryId"": [], ""subCategoryId"": [42], ""address"": {""sidoName"": ""경기"", ""gunName"": ""화성시"", ""dongName"": ""우정읍""}, ""exclusiveArea"": ""OVER_10"", ""option"": [""OPERATION_PERIOD"", ""PARKING"", ""SALE_TIME_TYPE""], ""includeSelf"": true, ""excludeSelf"": false, ""topK"": 50, ""isFranchise"": 1, ""salesTimeType"": 0}"
서울 중구 필동로 3 34 200000만원,200,1,56.6,3083,hit,"[3086, 3083, 3080, 3079, 2923]","['ㄱ', 'ㅋ', 'ㅈ', 'ㅋ', '오테로']","{""totalAmount"": 200000, ""monthlyAvgSales"": ""RANGE_0_10M"", ""mainCategoryId"": [], ""subCategoryId"": [34], ""address"": {""sidoName"": ""서울"", ""gunName"": ""중구"", ""dongName"": ""필동로""}, ""exclusiveArea"": ""ANY"", ""option"": [""PARKING""], ""includeSelf"": true, ""excludeSelf"": false, ""topK"": 50, ""isFranchise"": 0, ""salesTimeType"": 1}"
서울 은평구 은평로 111 42 40000000만원,200,1,58.5,411,hit,"[407, 410, 411, 412]","['마이고기', '마이고기', '마이고기', '마이고기']","{""totalAmount"": 40000000, ""monthlyAvgSales"": ""RANGE_30M_50M"", ""mainCategoryId"": [], ""subCategoryId"": [42], ""address"": {""sidoName"": ""서울"", ""gunName"": ""은평구"", ""dongName"": ""은평로""}, ""exclusiveArea"": ""OVER_40"", ""option"": [""OPERATION_PERIOD"", ""PARKING"", ""SALE_TIME_TYPE""], ""includeSelf"": true, ""excludeSelf"": false, ""topK"": 50, ""isFranchise"": 1, ""salesTimeType"": 0}"
경북 김천시 신양4길 57 42 100000000만원,200,1,51.3,2202,hit,[2202],['갓갈비'],"{""totalAmount"": 100000000, ""monthlyAvgSales"": ""RANGE_20M_30M"", ""mainCategoryId"": [], ""subCategoryId"": [42], ""address"": {""sidoName"": ""경북"", ""gunName"": ""김천시"", ""dongName"": ""신양4길""}, ""exclusiveArea"": ""OVER_40"", ""option"": [""PARKING"", ""SALE_TIME_TYPE""], ""includeSelf"": true, ""excludeSelf"": false, ""topK"": 50, ""isFranchise"": 1, ""salesTimeType"": 0}"
경기 김포시 초당로61번길 36 63 25000000만원,200,1,66.1,814,hit,"[1193, 913, 814, 1805, 2206]","['파이팅카페', '강정은 쏘스빨', '샌드피아', '데일리문스', '스텔러디']","{""totalAmount"": 25000000, ""monthlyAvgSales"": ""RANGE_10M_20M"", ""mainCategoryId"": [], ""subCategoryId"": [63], ""address"": {""sidoName"": ""경기"", ""gunName"": ""김포시"", ""dongName"": ""초당로61번길""}, ""exclusiveArea"": ""OVER_10"", ""option"": [""OPERATION_PERIOD"", ""PARKING"", ""SALE_TIME_TYPE""], ""includeSelf"": true, ""excludeSelf"": false, ""topK"": 50, ""isFranchise"": 0, ""salesTimeType"": 0}"
경기 의정부시 가능로49번길 9 37 90000000만원,200,1,52.5,1371,hit,"[1371, 2748, 163]","['비에이치씨(BHC)', '파스타입니다', '한솥']","{""totalAmount"": 90000000, ""monthlyAvgSales"": ""RANGE_30M_50M"", ""mainCategoryId"": [], ""subCategoryId"": [37], ""address"": {""sidoName"": ""경기"", ""gunName"": ""의정부시"", ""dongName"": ""가능로49번길""}, ""exclusiveArea"": ""ANY"", ""option"": [""OPERATION_PERIOD""], ""includeSelf"": true, ""excludeSelf"": false, ""topK"": 50, ""isFranchise"": 1, ""salesTimeType"": 4}"
경기 안양시 동안구 관양동 1460-11 37 55000000만원,200,1,68.0,334,hit,"[1133, 974, 680, 1847, 334]","['피자스톰', '핵밥', '피자스톰', '비에이치씨(BHC)', '네네치킨']","{""totalAmount"": 55000000, ""monthlyAvgSales"": ""RANGE_30M_50M"", ""mainCategoryId"": [], ""subCategoryId"": [37], ""address"": {""sidoName"": ""경기"", ""gunName"": ""안양시"", ""dongName"": ""동안구""}, ""exclusiveArea"": ""ANY"", ""option"": [""OPERATION_PERIOD"", ""PARKING""], ""includeSelf"": true, ""excludeSelf"": false, ""topK"": 50, ""isFranchise"": 1, ""salesTimeType"": 4}"
강원특별자치도 횡성군 갑천면 갑천로 9-22 30 600000만원,200,0,49.4,3181,nonhit,[],[],"{""totalAmount"": 600000, ""monthlyAvgSales"": ""RANGE_0_10M"", ""mainCategoryId"": [], ""subCategoryId"": [30], ""address"": {""sidoName"": ""강원특별자치도"", ""gunName"": ""횡성군"", ""dongName"": ""갑천면""}, ""exclusiveArea"": ""OVER_20"", ""option"": [""OPERATION_PERIOD"", ""PARKING"", ""SALE_TIME_TYPE""], ""includeSelf"": true, ""excludeSelf"": false, ""topK"": 50, ""isFranchise"": 0, ""salesTimeType"": 0}"
부산 부산진구 전포대로209번길 57 70000000만원,200,1,51.6,1201,hit,"[127, 1201]","['마이코치짐 ', '온나(ONNA)드로잉카페']","{""totalAmount"": 70000000, ""monthlyAvgSales"": ""RANGE_0_10M"", ""mainCategoryId"": [], ""subCategoryId"": [57], ""address"": {""sidoName"": ""부산"", ""gunName"": ""부산진구"", ""dongName"": ""전포대로209번길""}, ""exclusiveArea"": ""OVER_30"", ""option"": [""SALE_TIME_TYPE""], ""includeSelf"": true, ""excludeSelf"": false, ""topK"": 50, ""isFranchise"": 0, ""salesTimeType"": 0}"
강원 춘천시 온의동 31 50000000만원,200,1,70.6,1301,hit,"[1198, 1301, 595, 1195]","['베베샤워', '디제이디앤씨(주)', '다워크 공유오피스', '베베샤워']","{""totalAmount"": 50000000, ""monthlyAvgSales"": ""RANGE_0_10M"", ""mainCategoryId"": [], ""subCategoryId"": [31], ""address"": {""sidoName"": ""강원"", ""gunName"": ""춘천시"", ""dongName"": ""온의동""}, ""exclusiveArea"": ""OVER_40"", ""option"": [""AUTO_OPERATE"", ""PARKING"", ""SALE_TIME_TYPE""], ""includeSelf"": true, ""excludeSelf"": false, ""topK"": 50, ""isFranchise"": 0, ""salesTimeType"": 0}"
서울 노원구 상계동 434-61 14 25000000만원,200,1,48.9,965,hit,"[1258, 965]","['떡군이네떡볶이', '떡군이네떡볶이']","{""totalAmount"": 25000000, ""monthlyAvgSales"": ""RANGE_10M_20M"", ""mainCategoryId"": [], ""subCategoryId"": [14], ""address"": {""sidoName"": ""서울"", ""gunName"": ""노원구"", ""dongName"": ""상계동""}, ""exclusiveArea"": ""OVER_10"", ""option"": [""OPERATION_PERIOD"", ""PARKING"", ""SALE_TIME_TYPE""], ""includeSelf"": true, ""excludeSelf"": false, ""topK"": 50, ""isFranchise"": 1, ""salesTimeType"": 0}"
서울 은평구 응암동 244-179 63 28000000만원,200,1,57.2,2162,hit,"[2560, 1818, 2162]","['퍼니펑키 슬라임카페', '카페케일럽', 'Noki']","{""totalAmount"": 28000000, ""monthlyAvgSales"": ""RANGE_0_10M"", ""mainCategoryId"": [], ""subCategoryId"": [63], ""address"": {""sidoName"": ""서울"", ""gunName"": ""은평구"", ""dongName"": ""응암동""}, ""exclusiveArea"": ""OVER_20"", ""option"": [""AUTO_OPERATE"", ""PARKING"", ""SALE_TIME_TYPE""], ""includeSelf"": true, ""excludeSelf"": false, ""topK"": 50, ""isFranchise"": 0, ""salesTimeType"": 0}"
부산 해운대구 좌동순환로 275 63 45000000만원,200,1,63.7,1585,hit,"[3135, 2541, 2539, 1585, 2538]","['해운대구', '공실', '공실', '카페세도나 해운대점', '공실']","{""totalAmount"": 45000000, ""monthlyAvgSales"": ""RANGE_0_10M"", ""mainCategoryId"": [], ""subCategoryId"": [63], ""address"": {""sidoName"": ""부산"", ""gunName"": ""해운대구"", ""dongName"": ""좌동순환로""}, ""exclusiveArea"": ""ANY"", ""option"": [""PARKING"", ""SALE_TIME_TYPE""], ""includeSelf"": true, ""excludeSelf"": false, ""topK"": 50, ""isFranchise"": 0, ""salesTimeType"": 0}"
경기 양주시 옥정동로7길 20 27 75000000만원,200,1,55.6,2443,hit,"[2443, 1036, 1797, 1451, 1942]","['유노이아헤어(yunoia)', '본어게인', '유노이아헤어(yunoia)', '로그', 'JD필라테스 앤 PT']","{""totalAmount"": 75000000, ""monthlyAvgSales"": ""RANGE_10M_20M"", ""mainCategoryId"": [], ""subCategoryId"": [27], ""address"": {""sidoName"": ""경기"", ""gunName"": ""양주시"", ""dongName"": ""옥정동로7길""}, ""exclusiveArea"": ""OVER_30"", ""option"": [""OPERATION_PERIOD"", ""PARKING"", ""SALE_TIME_TYPE""], ""includeSelf"": true, ""excludeSelf"": false, ""topK"": 50, ""isFranchise"": 0, ""salesTimeType"": 0}"
충남 아산시 탕정면 한들물빛도시로 70 42 260000000만원,200,1,58.5,2121,hit,[2121],"['고기,원칙']","{""totalAmount"": 260000000, ""monthlyAvgSales"": ""RANGE_50M_100M"", ""mainCategoryId"": [], ""subCategoryId"": [42], ""address"": {""sidoName"": ""충남"", ""gunName"": ""아산시"", ""dongName"": ""탕정면""}, ""exclusiveArea"": ""OVER_30"", ""option"": [""PARKING"", ""EMPLOYEE_TAKEOVER"", ""SALE_TIME_TYPE""], ""includeSelf"": true, ""excludeSelf"": false, ""topK"": 50, ""isFranchise"": 1, ""salesTimeType"": 0}"
부산 수영구 무학로52번길 49 42 50000000만원,200,1,69.4,1052,hit,"[1052, 1408, 1407]","['일식월주', '브뤼트피자', '브뤼트피자']","{""totalAmount"": 50000000, ""monthlyAvgSales"": ""RANGE_0_10M"", ""mainCategoryId"": [], ""subCategoryId"": [42], ""address"": {""sidoName"": ""부산"", ""gunName"": ""수영구"", ""dongName"": ""무학로52번길""}, ""exclusiveArea"": ""OVER_10"", ""option"": [""OPERATION_PERIOD"", ""PARKING"", ""SALE_TIME_TYPE""], ""includeSelf"": true, ""excludeSelf"": false, ""topK"": 50, ""isFranchise"": 0, ""salesTimeType"": 0}"
부산 강서구 명지국제8로 296 41 50000000만원,200,1,68.8,2280,hit,"[2342, 2280]","['미스터피자', '미스터피자']","{""totalAmount"": 50000000, ""monthlyAvgSales"": ""RANGE_20M_30M"", ""mainCategoryId"": [], ""subCategoryId"": [41], ""address"": {""sidoName"": ""부산"", ""gunName"": ""강서구"", ""dongName"": ""명지국제8로""}, ""exclusiveArea"": ""OVER_40"", ""option"": [""OPERATION_PERIOD"", ""PARKING"", ""SALE_TIME_TYPE""], ""includeSelf"": true, ""excludeSelf"": false, ""topK"": 50, ""isFranchise"": 1, ""salesTimeType"": 0}"
대구 달서구 갈밭로12길 15 63 75000000만원,200,1,300.5,2446,hit,"[1850, 585, 2935, 2933, 2446]","['미정', '어푸어푸키즈풀', '프린스턴 학원', '프린스턴 학원', '몬탁에서 만나(Meet me in Montauk)']","{""totalAmount"": 75000000, ""monthlyAvgSales"": ""RANGE_0_10M"", ""mainCategoryId"": [], ""subCategoryId"": [63], ""address"": {""sidoName"": ""대구"", ""gunName"": ""달서구"", ""dongName"": ""갈밭로12길""}, ""exclusiveArea"": ""OVER_10"", ""option"": [""OPERATION_PERIOD"", ""PARKING"", ""SALE_TIME_TYPE""], ""includeSelf"": true, ""excludeSelf"": false, ""topK"": 50, ""isFranchise"": 0, ""salesTimeType"": 0}"
부산 남구 용호동 15 130000000만원,200,1,54.7,2531,hit,"[2531, 2530]","['홍대개미', '홍대개미']","{""totalAmount"": 130000000, ""monthlyAvgSales"": ""RANGE_30M_50M"", ""mainCategoryId"": [], ""subCategoryId"": [15], ""address"": {""sidoName"": ""부산"", ""gunName"": ""남구"", ""dongName"": ""용호동""}, ""exclusiveArea"": ""OVER_30"", ""option"": [""OPERATION_PERIOD"", ""PARKING"", ""EMPLOYEE_TAKEOVER"", ""SPECIAL_COMMERCIAL"", ""SALE_TIME_TYPE""], ""includeSelf"": true, ""excludeSelf"": false, ""topK"": 50, ""isFranchise"": 1, ""salesTimeType"": 0}"
경기 구리시 원수택로 23 42 26000000만원,200,1,54.2,607,hit,"[662, 607]","['신떡순신천할매떡볶이', '신떡순신천할매떡볶이']","{""totalAmount"": 26000000, ""monthlyAvgSales"": ""RANGE_10M_20M"", ""mainCategoryId"": [], ""subCategoryId"": [42], ""address"": {""sidoName"": ""경기"", ""gunName"": ""구리시"", ""dongName"": ""원수택로""}, ""exclusiveArea"": ""OVER_10"", ""option"": [""OPERATION_PERIOD"", ""PARKING"", ""SALE_TIME_TYPE""], ""includeSelf"": true, ""excludeSelf"": false, ""topK"": 50, ""isFranchise"": 1, ""salesTimeType"": 0}"
경기 구리시 수택동 473-7 30 35000000만원,200,1,68.2,853,hit,[853],['라멘마켓 '],"{""totalAmount"": 35000000, ""monthlyAvgSales"": ""RANGE_10M_20M"", ""mainCategoryId"": [], ""subCategoryId"": [30], ""address"": {""sidoName"": ""경기"", ""gunName"": ""구리시"", ""dongName"": ""수택동""}, ""exclusiveArea"": ""OVER_10"", ""option"": [""PARKING"", ""SALE_TIME_TYPE""], ""includeSelf"": true, ""excludeSelf"": false, ""topK"": 50, ""isFranchise"": 0, ""salesTimeType"": 0}"
경기 의정부시 의정부동 6-5 25 27000000만원,200,0,72.1,1866,nonhit,"[3306, 3028, 2375, 2347, 2102]","['테스트1', '차차커피코 의정부로데오점', '갓츠킹', '우막산순대국(금오점)', '매운집곱도리탕']","{""totalAmount"": 27000000, ""monthlyAvgSales"": ""RANGE_10M_20M"", ""mainCategoryId"": [], ""subCategoryId"": [25], ""address"": {""sidoName"": ""경기"", ""gunName"": ""의정부시"", ""dongName"": ""의정부동""}, ""exclusiveArea"": ""ANY"", ""option"": [""OPERATION_PERIOD"", ""PARKING"", ""EMPLOYEE_TAKEOVER""], ""includeSelf"": true, ""excludeSelf"": false, ""topK"": 50, ""isFranchise"": 0, ""salesTimeType"": 1}"
서울 강서구 화곡로 416 36 115000000만원,200,1,80.6,2252,hit,"[2570, 2344, 2252, 573, 656]","['르반필라테스', '취향마라 가양역점', '취향마라 가양역점', '초밥대통령', '초밥대통령']","{""totalAmount"": 115000000, ""monthlyAvgSales"": ""RANGE_20M_30M"", ""mainCategoryId"": [], ""subCategoryId"": [36], ""address"": {""sidoName"": ""서울"", ""gunName"": ""강서구"", ""dongName"": ""화곡로""}, ""exclusiveArea"": ""OVER_10"", ""option"": [""PARKING"", ""EMPLOYEE_TAKEOVER"", ""SALE_TIME_TYPE""], ""includeSelf"": true, ""excludeSelf"": false, ""topK"": 50, ""isFranchise"": 0, ""salesTimeType"": 0}"
충남 보령시 해수욕장9길 7 17 150000000만원,200,1,74.0,1485,hit,[1485],['비치마루펜션 '],"{""totalAmount"": 150000000, ""monthlyAvgSales"": ""RANGE_30M_50M"", ""mainCategoryId"": [], ""subCategoryId"": [17], ""address"": {""sidoName"": ""충남"", ""gunName"": ""보령시"", ""dongName"": ""해수욕장9길""}, ""exclusiveArea"": ""OVER_40"", ""option"": [""OPERATION_PERIOD"", ""PARKING"", ""SALE_TIME_TYPE""], ""includeSelf"": true, ""excludeSelf"": false, ""topK"": 50, ""isFranchise"": 0, ""salesTimeType"": 0}"
서울 강북구 오현로 29 63 45000000만원,200,1,65.3,844,hit,"[844, 1511, 1355, 2010, 1998]","['카페29', '땅콩카페', 'LG유플러스', '와이낫', '커피읻다']","{""totalAmount"": 45000000, ""monthlyAvgSales"": ""RANGE_0_10M"", ""mainCategoryId"": [], ""subCategoryId"": [63], ""address"": {""sidoName"": ""서울"", ""gunName"": ""강북구"", ""dongName"": ""오현로""}, ""exclusiveArea"": ""ANY"", ""option"": [""OPERATION_PERIOD"", ""SALE_TIME_TYPE""], ""includeSelf"": true, ""excludeSelf"": false, ""topK"": 50, ""isFranchise"": 0, ""salesTimeType"": 0}"
대전 유성구 문지동 651-3 42 50000000만원,200,1,67.8,2174,hit,[2174],['생대목'],"{""totalAmount"": 50000000, ""monthlyAvgSales"": ""RANGE_20M_30M"", ""mainCategoryId"": [], ""subCategoryId"": [42], ""address"": {""sidoName"": ""대전"", ""gunName"": ""유성구"", ""dongName"": ""문지동""}, ""exclusiveArea"": ""OVER_40"", ""option"": [""OPERATION_PERIOD"", ""PARKING"", ""SALE_TIME_TYPE""], ""includeSelf"": true, ""excludeSelf"": false, ""topK"": 50, ""isFranchise"": 0, ""salesTimeType"": 0}"
서울 양천구 목동 960 30 90000000만원,200,1,67.9,1898,hit,"[1204, 971, 1898, 970]","['고기극찬 양천점', '토리아에즈', '토리아에즈', '토리아에즈']","{""totalAmount"": 90000000, ""monthlyAvgSales"": ""RANGE_50M_100M"", ""mainCategoryId"": [], ""subCategoryId"": [30], ""address"": {""sidoName"": ""서울"", ""gunName"": ""양천구"", ""dongName"": ""목동""}, ""exclusiveArea"": ""OVER_10"", ""option"": [""OPERATION_PERIOD"", ""EMPLOYEE_TAKEOVER"", ""SALE_TIME_TYPE""], ""includeSelf"": true, ""excludeSelf"": false, ""topK"": 50, ""isFranchise"": 0, ""salesTimeType"": 0}"
경기 화성시 서신면 전곡리 1113-5 31 20000000만원,200,1,62.2,1489,hit,"[1697, 2567, 1489, 1410, 1857]","['벨루아', '돈발', 'ㅇ', '아워풀데이남양점', '스터디카페 드리밍']","{""totalAmount"": 20000000, ""monthlyAvgSales"": ""RANGE_0_10M"", ""mainCategoryId"": [], ""subCategoryId"": [31], ""address"": {""sidoName"": ""경기"", ""gunName"": ""화성시"", ""dongName"": ""서신면""}, ""exclusiveArea"": ""OVER_20"", ""option"": [""AUTO_OPERATE"", ""PARKING"", ""SALE_TIME_TYPE""], ""includeSelf"": true, ""excludeSelf"": false, ""topK"": 50, ""isFranchise"": 0, ""salesTimeType"": 0}"
서울 강서구 화곡로 398 57 22000000만원,200,1,63.8,1226,hit,"[1226, 2760]","['프렌치메종', '테라']","{""totalAmount"": 22000000, ""monthlyAvgSales"": ""RANGE_10M_20M"", ""mainCategoryId"": [], ""subCategoryId"": [57], ""address"": {""sidoName"": ""서울"", ""gunName"": ""강서구"", ""dongName"": ""화곡로""}, ""exclusiveArea"": ""OVER_40"", ""option"": [""PARKING"", ""SALE_TIME_TYPE""], ""includeSelf"": true, ""excludeSelf"": false, ""topK"": 50, ""isFranchise"": 0, ""salesTimeType"": 0}"
서울 서대문구 연세로9길 25 63 55000000만원,200,1,60.1,2755,hit,"[1102, 2755]","['프레쉬 스터디카페 신촌점', '안다르커피']","{""totalAmount"": 55000000, ""monthlyAvgSales"": ""RANGE_0_10M"", ""mainCategoryId"": [], ""subCategoryId"": [63], ""address"": {""sidoName"": ""서울"", ""gunName"": ""서대문구"", ""dongName"": ""연세로9길""}, ""exclusiveArea"": ""OVER_40"", ""option"": [""OPERATION_PERIOD"", ""SPECIAL_COMMERCIAL"", ""SALE_TIME_TYPE""], ""includeSelf"": true, ""excludeSelf"": false, ""topK"": 50, ""isFranchise"": 0, ""salesTimeType"": 0}"
경기 성남시 분당구 구미동 143-1 37 100000000만원,200,1,63.1,2476,hit,"[2619, 2476, 2699, 2628, 2447]","['푸라닭', '지코바양념치킨', '비비큐', '비비큐', '푸라닭']","{""totalAmount"": 100000000, ""monthlyAvgSales"": ""RANGE_30M_50M"", ""mainCategoryId"": [], ""subCategoryId"": [37], ""address"": {""sidoName"": ""경기"", ""gunName"": ""성남시"", ""dongName"": ""분당구""}, ""exclusiveArea"": ""OVER_30"", ""option"": [""OPERATION_PERIOD"", ""PARKING"", ""SALE_TIME_TYPE""], ""includeSelf"": true, ""excludeSelf"": false, ""topK"": 50, ""isFranchise"": 1, ""salesTimeType"": 0}"
경기 오산시 밀머리로 87 14 43000000만원,200,1,64.4,727,hit,"[727, 2670]","['삼첩분식', '카페베네']","{""totalAmount"": 43000000, ""monthlyAvgSales"": ""RANGE_20M_30M"", ""mainCategoryId"": [], ""subCategoryId"": [14], ""address"": {""sidoName"": ""경기"", ""gunName"": ""오산시"", ""dongName"": ""밀머리로""}, ""exclusiveArea"": ""OVER_10"", ""option"": [""OPERATION_PERIOD"", ""PARKING"", ""SALE_TIME_TYPE""], ""includeSelf"": true, ""excludeSelf"": false, ""topK"": 50, ""isFranchise"": 1, ""salesTimeType"": 0}"
경기 성남시 수정구 청계산로 686 63 18000000만원,200,1,73.4,2991,hit,"[2991, 628, 2625, 932, 483]","['블루웨이브커피', '위치투커피', '유니크에듀케어 학원', '썸데이', '비너스']","{""totalAmount"": 18000000, ""monthlyAvgSales"": ""RANGE_0_10M"", ""mainCategoryId"": [], ""subCategoryId"": [63], ""address"": {""sidoName"": ""경기"", ""gunName"": ""성남시"", ""dongName"": ""수정구""}, ""exclusiveArea"": ""OVER_20"", ""option"": [""OPERATION_PERIOD"", ""PARKING"", ""SALE_TIME_TYPE""], ""includeSelf"": true, ""excludeSelf"": false, ""topK"": 50, ""isFranchise"": 0, ""salesTimeType"": 0}"
경기 안양시 만안구 만안로 244 25 200000000만원,200,1,59.8,2812,hit,"[2812, 2944, 2533, 2532]","['공차', '79대포', '공차', '공차']","{""totalAmount"": 200000000, ""monthlyAvgSales"": ""RANGE_20M_30M"", ""mainCategoryId"": [], ""subCategoryId"": [25], ""address"": {""sidoName"": ""경기"", ""gunName"": ""안양시"", ""dongName"": ""만안구""}, ""exclusiveArea"": ""OVER_10"", ""option"": [""OPERATION_PERIOD"", ""PARKING"", ""EMPLOYEE_TAKEOVER"", ""SPECIAL_COMMERCIAL""], ""includeSelf"": true, ""excludeSelf"": false, ""topK"": 50, ""isFranchise"": 1, ""salesTimeType"": 4}"
서울 도봉구 해등로3길 85 58 40000000만원,200,1,60.2,1683,hit,"[3302, 1683]","['테스트조123', '멍믈리에']","{""totalAmount"": 40000000, ""monthlyAvgSales"": ""RANGE_0_10M"", ""mainCategoryId"": [], ""subCategoryId"": [58], ""address"": {""sidoName"": ""서울"", ""gunName"": ""도봉구"", ""dongName"": ""해등로3길""}, ""exclusiveArea"": ""OVER_10"", ""option"": [""PARKING"", ""SALE_TIME_TYPE""], ""includeSelf"": true, ""excludeSelf"": false, ""topK"": 50, ""isFranchise"": 0, ""salesTimeType"": 0}"
서울 강서구 마곡중앙로 161-8 15 170000000만원,200,0,59.0,2352,nonhit,[2339],['1943'],"{""totalAmount"": 170000000, ""monthlyAvgSales"": ""RANGE_30M_50M"", ""mainCategoryId"": [], ""subCategoryId"": [15], ""address"": {""sidoName"": ""서울"", ""gunName"": ""강서구"", ""dongName"": ""마곡중앙로""}, ""exclusiveArea"": ""OVER_20"", ""option"": [""OPERATION_PERIOD"", ""PARKING""], ""includeSelf"": true, ""excludeSelf"": false, ""topK"": 50, ""isFranchise"": 1, ""salesTimeType"": 4}"
부산 해운대구 우동 1498 30 300000000만원,200,1,67.6,2901,hit,"[2901, 2895]","['긴자료코', '긴자료코']","{""totalAmount"": 300000000, ""monthlyAvgSales"": ""RANGE_50M_100M"", ""mainCategoryId"": [], ""subCategoryId"": [30], ""address"": {""sidoName"": ""부산"", ""gunName"": ""해운대구"", ""dongName"": ""우동""}, ""exclusiveArea"": ""OVER_10"", ""option"": [""OPERATION_PERIOD"", ""PARKING"", ""EMPLOYEE_TAKEOVER"", ""SPECIAL_COMMERCIAL"", ""SALE_TIME_TYPE""], ""includeSelf"": true, ""excludeSelf"": false, ""topK"": 50, ""isFranchise"": 1, ""salesTimeType"": 0}"
광주 북구 용봉동 1224-6 15 35000000만원,200,1,70.1,1729,hit,"[2501, 1729, 1709]","['파스타집이야', '파스타집이야', '파스타집이야']","{""totalAmount"": 35000000, ""monthlyAvgSales"": ""RANGE_20M_30M"", ""mainCategoryId"": [], ""subCategoryId"": [15], ""address"": {""sidoName"": ""광주"", ""gunName"": ""북구"", ""dongName"": ""용봉동""}, ""exclusiveArea"": ""ANY"", ""option"": [""PARKING"", ""SALE_TIME_TYPE""], ""includeSelf"": true, ""excludeSelf"": false, ""topK"": 50, ""isFranchise"": 1, ""salesTimeType"": 0}"
서울 강남구 테헤란로 152 39 103300000만원,200,1,56.7,935,hit,"[935, 2108, 1419]","['힘난다버거', '버거베어', '카페베네']","{""totalAmount"": 103300000, ""monthlyAvgSales"": ""RANGE_30M_50M"", ""mainCategoryId"": [], ""subCategoryId"": [39], ""address"": {""sidoName"": ""서울"", ""gunName"": ""강남구"", ""dongName"": ""테헤란로""}, ""exclusiveArea"": ""OVER_10"", ""option"": [""OPERATION_PERIOD"", ""PARKING"", ""SALE_TIME_TYPE""], ""includeSelf"": true, ""excludeSelf"": false, ""topK"": 50, ""isFranchise"": 1, ""salesTimeType"": 0}"
경기 파주시 탄현면 63 31500000만원,200,1,66.9,1615,hit,"[1267, 698, 1615, 1748, 1643]","['이태리 금란', '마임하임카페', '카페 숲', '도란도란', '도도풀']","{""totalAmount"": 31500000, ""monthlyAvgSales"": ""RANGE_0_10M"", ""mainCategoryId"": [], ""subCategoryId"": [63], ""address"": {""sidoName"": ""경기"", ""gunName"": ""파주시"", ""dongName"": ""탄현면""}, ""exclusiveArea"": ""OVER_30"", ""option"": [""OPERATION_PERIOD"", ""PARKING"", ""SALE_TIME_TYPE""], ""includeSelf"": true, ""excludeSelf"": false, ""topK"": 50, ""isFranchise"": 0, ""salesTimeType"": 0}"
경남 진주시 대안동 19-6 15 30000000만원,200,1,62.5,1099,hit,[1099],['모모스테이크'],"{""totalAmount"": 30000000, ""monthlyAvgSales"": ""RANGE_20M_30M"", ""mainCategoryId"": [], ""subCategoryId"": [15], ""address"": {""sidoName"": ""경남"", ""gunName"": ""진주시"", ""dongName"": ""대안동""}, ""exclusiveArea"": ""OVER_20"", ""option"": [""OPERATION_PERIOD"", ""SALE_TIME_TYPE""], ""includeSelf"": true, ""excludeSelf"": false, ""topK"": 50, ""isFranchise"": 1, ""salesTimeType"": 0}"
충북 청주시 청원구 율량동 2026 42 90000000만원,200,1,60.7,357,hit,"[357, 629]","['전주명가', '코코아']","{""totalAmount"": 90000000, ""monthlyAvgSales"": ""RANGE_20M_30M"", ""mainCategoryId"": [], ""subCategoryId"": [42], ""address"": {""sidoName"": ""충북"", ""gunName"": ""청주시"", ""dongName"": ""청원구""}, ""exclusiveArea"": ""OVER_40"", ""option"": [""OPERATION_PERIOD"", ""PARKING""], ""includeSelf"": true, ""excludeSelf"": false, ""topK"": 50, ""isFranchise"": 0, ""salesTimeType"": 1}"
서울 동대문구 천호대로 23 63 90000000만원,200,1,58.7,1411,hit,"[2456, 1698, 1411, 1329, 1325]","['셀렉토커피', '오레노카츠', '셀렉토커피', '셀렉토커피', '셀렉토커피']","{""totalAmount"": 90000000, ""monthlyAvgSales"": ""RANGE_0_10M"", ""mainCategoryId"": [], ""subCategoryId"": [63], ""address"": {""sidoName"": ""서울"", ""gunName"": ""동대문구"", ""dongName"": ""천호대로""}, ""exclusiveArea"": ""OVER_10"", ""option"": [""OPERATION_PERIOD"", ""PARKING""], ""includeSelf"": true, ""excludeSelf"": false, ""topK"": 50, ""isFranchise"": 1, ""salesTimeType"": 4}"
서울 영등포구 당산로42길 30 75000000만원,200,1,59.9,557,hit,"[2814, 557]","['멘야무테키 (돈카츠 라멘 돈부리)', '멘야무테키 (돈카츠 라멘 돈부리)']","{""totalAmount"": 75000000, ""monthlyAvgSales"": ""RANGE_30M_50M"", ""mainCategoryId"": [], ""subCategoryId"": [30], ""address"": {""sidoName"": ""서울"", ""gunName"": ""영등포구"", ""dongName"": ""당산로42길""}, ""exclusiveArea"": ""OVER_40"", ""option"": [""OPERATION_PERIOD"", ""PARKING""], ""includeSelf"": true, ""excludeSelf"": false, ""topK"": 50, ""isFranchise"": 0, ""salesTimeType"": 4}"
인천 부평구 동암광장로4번길 3 14 210000000만원,200,1,63.7,59,hit,"[2149, 2785, 2233, 59, 2340]","['메가엠지씨커피(MEGA MGC COFFEE)', '맘스터치', '지코바양념치킨', '이삭토스트', '굽네치킨']","{""totalAmount"": 210000000, ""monthlyAvgSales"": ""RANGE_30M_50M"", ""mainCategoryId"": [], ""subCategoryId"": [14], ""address"": {""sidoName"": ""인천"", ""gunName"": ""부평구"", ""dongName"": ""동암광장로4번길""}, ""exclusiveArea"": ""OVER_10"", ""option"": [""OPERATION_PERIOD"", ""SALE_TIME_TYPE""], ""includeSelf"": true, ""excludeSelf"": false, ""topK"": 50, ""isFranchise"": 1, ""salesTimeType"": 0}"
서울 송파구 양재대로66길 32 63 30000000만원,200,1,52.9,1896,hit,"[1896, 2978]","['베어스커피', '웨이브라이크']","{""totalAmount"": 30000000, ""monthlyAvgSales"": ""RANGE_0_10M"", ""mainCategoryId"": [], ""subCategoryId"": [63], ""address"": {""sidoName"": ""서울"", ""gunName"": ""송파구"", ""dongName"": ""양재대로66길""}, ""exclusiveArea"": ""OVER_10"", ""option"": [""OPERATION_PERIOD""], ""includeSelf"": true, ""excludeSelf"": false, ""topK"": 50, ""isFranchise"": 0, ""salesTimeType"": 1}"
충남 천안시 서북구 불당동 1539 30 27000000만원,200,1,74.5,2025,hit,"[2470, 2453, 1230, 894, 2025]","['카페츄츄', '아마도스포츠 풋살장', '스무드무드', '마이,디어', '우토리']","{""totalAmount"": 27000000, ""monthlyAvgSales"": ""RANGE_0_10M"", ""mainCategoryId"": [], ""subCategoryId"": [30], ""address"": {""sidoName"": ""충남"", ""gunName"": ""천안시"", ""dongName"": ""서북구""}, ""exclusiveArea"": ""OVER_10"", ""option"": [""PARKING"", ""SALE_TIME_TYPE""], ""includeSelf"": true, ""excludeSelf"": false, ""topK"": 50, ""isFranchise"": 0, ""salesTimeType"": 0}"
경북 김천시 대학로 30 400000000만원,200,1,48.5,3009,hit,[3009],['카모가와스시'],"{""totalAmount"": 400000000, ""monthlyAvgSales"": ""OVER_100M"", ""mainCategoryId"": [], ""subCategoryId"": [30], ""address"": {""sidoName"": ""경북"", ""gunName"": ""김천시"", ""dongName"": ""대학로""}, ""exclusiveArea"": ""OVER_40"", ""option"": [""OPERATION_PERIOD"", ""PARKING"", ""EMPLOYEE_TAKEOVER""], ""includeSelf"": true, ""excludeSelf"": false, ""topK"": 50, ""isFranchise"": 0, ""salesTimeType"": 4}"
서울 용산구 신흥로15길 20 63 45000000만원,200,1,65.5,1785,hit,[1785],['버터북'],"{""totalAmount"": 45000000, ""monthlyAvgSales"": ""RANGE_50M_100M"", ""mainCategoryId"": [], ""subCategoryId"": [63], ""address"": {""sidoName"": ""서울"", ""gunName"": ""용산구"", ""dongName"": ""신흥로15길""}, ""exclusiveArea"": ""OVER_20"", ""option"": [""OPERATION_PERIOD"", ""PARKING"", ""SALE_TIME_TYPE""], ""includeSelf"": true, ""excludeSelf"": false, ""topK"": 50, ""isFranchise"": 0, ""salesTimeType"": 0}"
경기 하남시 위례대로 190 42 20000000만원,200,1,60.9,2594,hit,"[2660, 2594, 1905, 2712, 249]","['도담 김치찌개 백전짜글이', '도담 김치찌개', '드링크무드', '뉴닷&비스페이스', '집쿡꼬마김밥 하남점']","{""totalAmount"": 20000000, ""monthlyAvgSales"": ""RANGE_10M_20M"", ""mainCategoryId"": [], ""subCategoryId"": [42], ""address"": {""sidoName"": ""경기"", ""gunName"": ""하남시"", ""dongName"": ""위례대로""}, ""exclusiveArea"": ""ANY"", ""option"": [""OPERATION_PERIOD"", ""PARKING"", ""EMPLOYEE_TAKEOVER"", ""SALE_TIME_TYPE""], ""includeSelf"": true, ""excludeSelf"": false, ""topK"": 50, ""isFranchise"": 0, ""salesTimeType"": 0}"
부산 영도구 중리로 24 37 47000000만원,200,1,49.9,1651,hit,[1651],['동근이숯불두마리치킨'],"{""totalAmount"": 47000000, ""monthlyAvgSales"": ""RANGE_20M_30M"", ""mainCategoryId"": [], ""subCategoryId"": [37], ""address"": {""sidoName"": ""부산"", ""gunName"": ""영도구"", ""dongName"": ""중리로""}, ""exclusiveArea"": ""OVER_10"", ""option"": [""OPERATION_PERIOD"", ""PARKING"", ""SALE_TIME_TYPE""], ""includeSelf"": true, ""excludeSelf"": false, ""topK"": 50, ""isFranchise"": 1, ""salesTimeType"": 0}"
경기 고양시 덕양구 백양로 79 33 80000000만원,200,1,65.3,309,hit,"[2871, 2937, 742, 309, 2093]","['이디야커피', '크린토피아', '굽네치킨', '앤티앤스', '더벤티']","{""totalAmount"": 80000000, ""monthlyAvgSales"": ""RANGE_10M_20M"", ""mainCategoryId"": [], ""subCategoryId"": [33], ""address"": {""sidoName"": ""경기"", ""gunName"": ""고양시"", ""dongName"": ""덕양구""}, ""exclusiveArea"": ""ANY"", ""option"": [""OPERATION_PERIOD"", ""PARKING"", ""SALE_TIME_TYPE""], ""includeSelf"": true, ""excludeSelf"": false, ""topK"": 50, ""isFranchise"": 1, ""salesTimeType"": 0}"
서울 관악구 신림동 57 120000000만원,200,1,61.5,590,hit,"[2393, 2634, 590]","['레디션 신림', '홀덤치기좋은날', '레디션 신림점']","{""totalAmount"": 120000000, ""monthlyAvgSales"": ""RANGE_0_10M"", ""mainCategoryId"": [], ""subCategoryId"": [57], ""address"": {""sidoName"": ""서울"", ""gunName"": ""관악구"", ""dongName"": ""신림동""}, ""exclusiveArea"": ""OVER_40"", ""option"": [""AUTO_OPERATE"", ""PARKING"", ""SALE_TIME_TYPE""], ""includeSelf"": true, ""excludeSelf"": false, ""topK"": 50, ""isFranchise"": 0, ""salesTimeType"": 0}"
인천 남동구 석정로 515 53 200000000만원,200,1,64.4,1278,hit,[1278],['인디고피시방 간석역점'],"{""totalAmount"": 200000000, ""monthlyAvgSales"": ""RANGE_30M_50M"", ""mainCategoryId"": [], ""subCategoryId"": [53], ""address"": {""sidoName"": ""인천"", ""gunName"": ""남동구"", ""dongName"": ""석정로""}, ""exclusiveArea"": ""OVER_40"", ""option"": [""OPERATION_PERIOD"", ""PARKING"", ""SALE_TIME_TYPE""], ""includeSelf"": true, ""excludeSelf"": false, ""topK"": 50, ""isFranchise"": 0, ""salesTimeType"": 0}"
충북 청주시 흥덕구 가경동 2256 36 73000000만원,200,1,66.1,363,hit,"[2275, 363]","['가장 맛있는 치킨', '동면관']","{""totalAmount"": 73000000, ""monthlyAvgSales"": ""RANGE_30M_50M"", ""mainCategoryId"": [], ""subCategoryId"": [36], ""address"": {""sidoName"": ""충북"", ""gunName"": ""청주시"", ""dongName"": ""흥덕구""}, ""exclusiveArea"": ""OVER_20"", ""option"": [""PARKING"", ""SALE_TIME_TYPE""], ""includeSelf"": true, ""excludeSelf"": false, ""topK"": 50, ""isFranchise"": 0, ""salesTimeType"": 0}"
경기 화성시 방교동 766-9 37 45000000만원,200,1,62.5,368,hit,"[1966, 368, 321]","['창화당', '멕시카나', '이마트24(emart24)']","{""totalAmount"": 45000000, ""monthlyAvgSales"": ""RANGE_30M_50M"", ""mainCategoryId"": [], ""subCategoryId"": [37], ""address"": {""sidoName"": ""경기"", ""gunName"": ""화성시"", ""dongName"": ""방교동""}, ""exclusiveArea"": ""OVER_20"", ""option"": [""OPERATION_PERIOD"", ""PARKING"", ""SALE_TIME_TYPE""], ""includeSelf"": true, ""excludeSelf"": false, ""topK"": 50, ""isFranchise"": 1, ""salesTimeType"": 0}"
인천 부평구 경원대로 1246 63 185000000만원,200,1,67.1,1542,hit,"[1542, 1852, 301]","['메가엠지씨커피(MEGA MGC COFFEE)', '이삭토스트', '이삭토스트']","{""totalAmount"": 185000000, ""monthlyAvgSales"": ""RANGE_20M_30M"", ""mainCategoryId"": [], ""subCategoryId"": [63], ""address"": {""sidoName"": ""인천"", ""gunName"": ""부평구"", ""dongName"": ""경원대로""}, ""exclusiveArea"": ""OVER_10"", ""option"": [""OPERATION_PERIOD"", ""PARKING"", ""EMPLOYEE_TAKEOVER"", ""SALE_TIME_TYPE""], ""includeSelf"": true, ""excludeSelf"": false, ""topK"": 50, ""isFranchise"": 1, ""salesTimeType"": 0}"
경기 오산시 궐리사로 47 38 50000000만원,200,1,57.0,763,hit,"[763, 764]","['커피이십센치 궐동점', '커피이십센치 궐동점']","{""totalAmount"": 50000000, ""monthlyAvgSales"": ""RANGE_0_10M"", ""mainCategoryId"": [], ""subCategoryId"": [38], ""address"": {""sidoName"": ""경기"", ""gunName"": ""오산시"", ""dongName"": ""궐리사로""}, ""exclusiveArea"": ""OVER_20"", ""option"": [""PARKING"", ""SALE_TIME_TYPE""], ""includeSelf"": true, ""excludeSelf"": false, ""topK"": 50, ""isFranchise"": 0, ""salesTimeType"": 0}"
경북 경산시 삼성현로 63 400000000만원,200,1,63.9,2586,hit,"[2586, 2585]","['비공개문의바랍니다', 'MO***(비공개)']","{""totalAmount"": 400000000, ""monthlyAvgSales"": ""RANGE_30M_50M"", ""mainCategoryId"": [], ""subCategoryId"": [63], ""address"": {""sidoName"": ""경북"", ""gunName"": ""경산시"", ""dongName"": ""삼성현로""}, ""exclusiveArea"": ""OVER_40"", ""option"": [""OPERATION_PERIOD"", ""PARKING"", ""SALE_TIME_TYPE""], ""includeSelf"": true, ""excludeSelf"": false, ""topK"": 50, ""isFranchise"": 0, ""salesTimeType"": 0}"
경기 고양시 덕양구 통일로 345 30 35000000만원,200,0,58.9,2217,nonhit,"[2416, 2597, 2378, 2295, 2218]","['비라티오커피&캘리포니아도넛', '돈가방돈가스 ', '돼지불백 시골집', '시골집', '스시드래곤']","{""totalAmount"": 35000000, ""monthlyAvgSales"": ""RANGE_30M_50M"", ""mainCategoryId"": [], ""subCategoryId"": [30], ""address"": {""sidoName"": ""경기"", ""gunName"": ""고양시"", ""dongName"": ""덕양구""}, ""exclusiveArea"": ""OVER_10"", ""option"": [""OPERATION_PERIOD"", ""PARKING"", ""EMPLOYEE_TAKEOVER"", ""SALE_TIME_TYPE""], ""includeSelf"": true, ""excludeSelf"": false, ""topK"": 50, ""isFranchise"": 0, ""salesTimeType"": 0}"
서울 은평구 불광동 281-156 36 70000000만원,200,1,64.1,391,hit,[391],['짬뽕의달인 '],"{""totalAmount"": 70000000, ""monthlyAvgSales"": ""RANGE_50M_100M"", ""mainCategoryId"": [], ""subCategoryId"": [36], ""address"": {""sidoName"": ""서울"", ""gunName"": ""은평구"", ""dongName"": ""불광동""}, ""exclusiveArea"": ""OVER_30"", ""option"": [""OPERATION_PERIOD"", ""PARKING""], ""includeSelf"": true, ""excludeSelf"": false, ""topK"": 50, ""isFranchise"": 0, ""salesTimeType"": 4}"
경기 광명시 덕안로104번길 17 6 0만원,200,0,63.0,2947,nonhit,[],[],"{""totalAmount"": 0, ""monthlyAvgSales"": ""RANGE_30M_50M"", ""mainCategoryId"": [], ""subCategoryId"": [6], ""address"": {""sidoName"": ""경기"", ""gunName"": ""광명시"", ""dongName"": ""덕안로104번길""}, ""exclusiveArea"": ""ANY"", ""option"": [""OPERATION_PERIOD"", ""PARKING"", ""SALE_TIME_TYPE""], ""includeSelf"": true, ""excludeSelf"": false, ""topK"": 50, ""isFranchise"": 0, ""salesTimeType"": 0}"
서울 강서구 화곡동 899-31 42 60000000만원,200,1,70.0,811,hit,"[2352, 811, 1425, 1859, 329]","['진1926', '따띠삼겹', '슬로우캘리', '북촌손만두', '배달삼겹직구삼']","{""totalAmount"": 60000000, ""monthlyAvgSales"": ""RANGE_20M_30M"", ""mainCategoryId"": [], ""subCategoryId"": [42], ""address"": {""sidoName"": ""서울"", ""gunName"": ""강서구"", ""dongName"": ""화곡동""}, ""exclusiveArea"": ""ANY"", ""option"": [""OPERATION_PERIOD"", ""PARKING"", ""SALE_TIME_TYPE""], ""includeSelf"": true, ""excludeSelf"": false, ""topK"": 50, ""isFranchise"": 1, ""salesTimeType"": 0}"
전북 전주시 덕진구 무삼지2길 63 44000000만원,200,1,61.3,2169,hit,"[1069, 2171, 2327, 2170, 2169]","['스위트크루', 'DALT', '루비', 'DALT', '달트']","{""totalAmount"": 44000000, ""monthlyAvgSales"": ""RANGE_0_10M"", ""mainCategoryId"": [], ""subCategoryId"": [63], ""address"": {""sidoName"": ""전북"", ""gunName"": ""전주시"", ""dongName"": ""덕진구""}, ""exclusiveArea"": ""OVER_20"", ""option"": [""OPERATION_PERIOD"", ""PARKING"", ""SALE_TIME_TYPE""], ""includeSelf"": true, ""excludeSelf"": false, ""topK"": 50, ""isFranchise"": 0, ""salesTimeType"": 0}"
경기 평택시 고덕여염10길 23 42 70000000만원,200,1,69.2,2256,hit,"[1016, 1802, 2256, 436, 558]","['봉식당', '밥상차리는남자 ', '밥차남 ', '수박재', '가르텐비어 고덕삼성점 ']","{""totalAmount"": 70000000, ""monthlyAvgSales"": ""RANGE_20M_30M"", ""mainCategoryId"": [], ""subCategoryId"": [42], ""address"": {""sidoName"": ""경기"", ""gunName"": ""평택시"", ""dongName"": ""고덕여염10길""}, ""exclusiveArea"": ""OVER_30"", ""option"": [""OPERATION_PERIOD"", ""PARKING"", ""EMPLOYEE_TAKEOVER""], ""includeSelf"": true, ""excludeSelf"": false, ""topK"": 50, ""isFranchise"": 0, ""salesTimeType"": 4}"
경남 창원시 의창구 북면 동전로110번길 6 22000000만원,200,1,61.8,945,hit,"[945, 1508, 691, 625]","['오닌', '엠엠엠비', '사무실', '행복덮밥']","{""totalAmount"": 22000000, ""monthlyAvgSales"": ""RANGE_0_10M"", ""mainCategoryId"": [], ""subCategoryId"": [6], ""address"": {""sidoName"": ""경남"", ""gunName"": ""창원시"", ""dongName"": ""의창구""}, ""exclusiveArea"": ""OVER_10"", ""option"": [""PARKING"", ""SALE_TIME_TYPE""], ""includeSelf"": true, ""excludeSelf"": false, ""topK"": 50, ""isFranchise"": 0, ""salesTimeType"": 0}"
경기 양주시 고읍남로39번길 85 33 30000000만원,200,0,82.0,2190,nonhit,"[2156, 2443, 1086, 1797, 1468]","['별내 자연광 하이5 렌탈스튜디오', '유노이아헤어(yunoia)', '부라보쪽갈비 양주점', '유노이아헤어(yunoia)', '베베리베']","{""totalAmount"": 30000000, ""monthlyAvgSales"": ""RANGE_0_10M"", ""mainCategoryId"": [], ""subCategoryId"": [33], ""address"": {""sidoName"": ""경기"", ""gunName"": ""양주시"", ""dongName"": ""고읍남로39번길""}, ""exclusiveArea"": ""OVER_10"", ""option"": [""OPERATION_PERIOD"", ""PARKING"", ""SALE_TIME_TYPE""], ""includeSelf"": true, ""excludeSelf"": false, ""topK"": 50, ""isFranchise"": 0, ""salesTimeType"": 0}"
광주 광산구 첨단중앙로182번길 90 15 95000000만원,200,1,76.7,1916,hit,"[1916, 2303, 1915, 1885]","['베지풀', '베지풀', '베지풀', '베지풀']","{""totalAmount"": 95000000, ""monthlyAvgSales"": ""RANGE_10M_20M"", ""mainCategoryId"": [], ""subCategoryId"": [15], ""address"": {""sidoName"": ""광주"", ""gunName"": ""광산구"", ""dongName"": ""첨단중앙로182번길""}, ""exclusiveArea"": ""OVER_30"", ""option"": [""OPERATION_PERIOD"", ""PARKING"", ""EMPLOYEE_TAKEOVER"", ""SALE_TIME_TYPE""], ""includeSelf"": true, ""excludeSelf"": false, ""topK"": 50, ""isFranchise"": 0, ""salesTimeType"": 0}"
서울 노원구 광운로 33 39 70000000만원,200,1,48.8,2992,hit,[2992],['맘스터치'],"{""totalAmount"": 70000000, ""monthlyAvgSales"": ""RANGE_50M_100M"", ""mainCategoryId"": [], ""subCategoryId"": [39], ""address"": {""sidoName"": ""서울"", ""gunName"": ""노원구"", ""dongName"": ""광운로""}, ""exclusiveArea"": ""OVER_30"", ""option"": [""OPERATION_PERIOD"", ""SALE_TIME_TYPE""], ""includeSelf"": true, ""excludeSelf"": false, ""topK"": 50, ""isFranchise"": 1, ""salesTimeType"": 0}"
경기 고양시 덕양구 백양로 13 37 60000000만원,200,1,83.2,793,hit,"[2557, 793, 742, 248, 1608]","['한와담', '멕시카나', '굽네치킨', '퀴즈노스서브', '오늘도, 카페일리터']","{""totalAmount"": 60000000, ""monthlyAvgSales"": ""RANGE_20M_30M"", ""mainCategoryId"": [], ""subCategoryId"": [37], ""address"": {""sidoName"": ""경기"", ""gunName"": ""고양시"", ""dongName"": ""덕양구""}, ""exclusiveArea"": ""OVER_10"", ""option"": [""OPERATION_PERIOD"", ""PARKING"", ""SALE_TIME_TYPE""], ""includeSelf"": true, ""excludeSelf"": false, ""topK"": 50, ""isFranchise"": 1, ""salesTimeType"": 0}"
서울 강동구 천호동 414 15 220000000만원,200,1,49.1,2779,hit,[2779],['꼬치의품격'],"{""totalAmount"": 220000000, ""monthlyAvgSales"": ""RANGE_30M_50M"", ""mainCategoryId"": [], ""subCategoryId"": [15], ""address"": {""sidoName"": ""서울"", ""gunName"": ""강동구"", ""dongName"": ""천호동""}, ""exclusiveArea"": ""OVER_20"", ""option"": [""PARKING"", ""SALE_TIME_TYPE""], ""includeSelf"": true, ""excludeSelf"": false, ""topK"": 50, ""isFranchise"": 1, ""salesTimeType"": 0}"
충북 청주시 청원구 상당로 314 14 10000000만원,200,1,75.1,1233,hit,"[1233, 1428, 2832, 146, 357]","['청주 문화제조창(시청사) 원더아리아 분식코너', '희희까스', '캘리포니아도넛클럽 청주 강서점', '기영이숯불두마리치킨', '전주명가']","{""totalAmount"": 10000000, ""monthlyAvgSales"": ""RANGE_20M_30M"", ""mainCategoryId"": [], ""subCategoryId"": [14], ""address"": {""sidoName"": ""충북"", ""gunName"": ""청주시"", ""dongName"": ""청원구""}, ""exclusiveArea"": ""ANY"", ""option"": [""OPERATION_PERIOD"", ""PARKING"", ""SALE_TIME_TYPE""], ""includeSelf"": true, ""excludeSelf"": false, ""topK"": 50, ""isFranchise"": 0, ""salesTimeType"": 0}"
경기 하남시 감일동 41 105000000만원,200,1,54.2,2794,hit,"[3017, 815, 1987, 2794, 2772]","['투썸플레이스', '고반식당', '고반식당', '반올림피자샵', '반올림피자샵']","{""totalAmount"": 105000000, ""monthlyAvgSales"": ""RANGE_30M_50M"", ""mainCategoryId"": [], ""subCategoryId"": [41], ""address"": {""sidoName"": ""경기"", ""gunName"": ""하남시"", ""dongName"": ""감일동""}, ""exclusiveArea"": ""OVER_20"", ""option"": [""OPERATION_PERIOD"", ""PARKING"", ""SALE_TIME_TYPE""], ""includeSelf"": true, ""excludeSelf"": false, ""topK"": 50, ""isFranchise"": 1, ""salesTimeType"": 0}"
경기 화성시 동탄순환대로 127-19 42 220000000만원,200,1,66.2,2088,hit,"[953, 2088, 1728, 1718]","['파리바게뜨', '한솥', '한솥', '한솥']","{""totalAmount"": 220000000, ""monthlyAvgSales"": ""RANGE_50M_100M"", ""mainCategoryId"": [], ""subCategoryId"": [42], ""address"": {""sidoName"": ""경기"", ""gunName"": ""화성시"", ""dongName"": ""동탄순환대로""}, ""exclusiveArea"": ""OVER_10"", ""option"": [""OPERATION_PERIOD"", ""PARKING"", ""SALE_TIME_TYPE""], ""includeSelf"": true, ""excludeSelf"": false, ""topK"": 50, ""isFranchise"": 1, ""salesTimeType"": 0}"
충북 청주시 흥덕구 덕암로 45 37 53000000만원,200,1,76.1,2035,hit,"[1901, 2035, 2275, 678, 1353]","['커플릭스', '치킨스타', '가장 맛있는 치킨', '처갓집양념치킨동남지구점', '메가엠지씨커피(MEGA MGC COFFEE)']","{""totalAmount"": 53000000, ""monthlyAvgSales"": ""RANGE_30M_50M"", ""mainCategoryId"": [], ""subCategoryId"": [37], ""address"": {""sidoName"": ""충북"", ""gunName"": ""청주시"", ""dongName"": ""흥덕구""}, ""exclusiveArea"": ""OVER_10"", ""option"": [""OPERATION_PERIOD"", ""PARKING"", ""EMPLOYEE_TAKEOVER"", ""SALE_TIME_TYPE""], ""includeSelf"": true, ""excludeSelf"": false, ""topK"": 50, ""isFranchise"": 0, ""salesTimeType"": 0}"
광주 남구 효천3로 103 42 130000000만원,200,1,67.5,1440,hit,[1440],['택이네 조개전골'],"{""totalAmount"": 130000000, ""monthlyAvgSales"": ""RANGE_20M_30M"", ""mainCategoryId"": [], ""subCategoryId"": [42], ""address"": {""sidoName"": ""광주"", ""gunName"": ""남구"", ""dongName"": ""효천3로""}, ""exclusiveArea"": ""OVER_40"", ""option"": [""OPERATION_PERIOD"", ""PARKING""], ""includeSelf"": true, ""excludeSelf"": false, ""topK"": 50, ""isFranchise"": 1, ""salesTimeType"": 4}"
부산 수영구 민락동 175-22 30 95000000만원,200,1,60.6,2556,hit,"[2556, 2463, 2458]","['쿠시코', '랍스터바 부산밀락더마켓점 ', '랍스터바 부산밀락더마켓']","{""totalAmount"": 95000000, ""monthlyAvgSales"": ""RANGE_20M_30M"", ""mainCategoryId"": [], ""subCategoryId"": [30], ""address"": {""sidoName"": ""부산"", ""gunName"": ""수영구"", ""dongName"": ""민락동""}, ""exclusiveArea"": ""OVER_10"", ""option"": [""SALE_TIME_TYPE""], ""includeSelf"": true, ""excludeSelf"": false, ""topK"": 50, ""isFranchise"": 0, ""salesTimeType"": 0}"
서울 서대문구 홍은동 409-25 41 35000000만원,200,1,59.7,2160,hit,"[2160, 594, 593, 292]","['피자나라치킨공주', '마왕족발', '마왕족발', '마왕족발']","{""totalAmount"": 35000000, ""monthlyAvgSales"": ""RANGE_30M_50M"", ""mainCategoryId"": [], ""subCategoryId"": [41], ""address"": {""sidoName"": ""서울"", ""gunName"": ""서대문구"", ""dongName"": ""홍은동""}, ""exclusiveArea"": ""OVER_10"", ""option"": [""OPERATION_PERIOD"", ""PARKING"", ""SALE_TIME_TYPE""], ""includeSelf"": true, ""excludeSelf"": false, ""topK"": 50, ""isFranchise"": 1, ""salesTimeType"": 0}"
광주 광산구 월계로 169 30 100000000만원,200,1,75.1,2669,hit,"[2607, 2669, 2650, 2643, 2642]","['블링바', '하루엔소쿠 첨단점 ', '하루엔소쿠', '하루엔소쿠 첨단점 ', '하루엔소쿠 첨단점 ']","{""totalAmount"": 100000000, ""monthlyAvgSales"": ""RANGE_50M_100M"", ""mainCategoryId"": [], ""subCategoryId"": [30], ""address"": {""sidoName"": ""광주"", ""gunName"": ""광산구"", ""dongName"": ""월계로""}, ""exclusiveArea"": ""OVER_10"", ""option"": [""OPERATION_PERIOD"", ""PARKING"", ""EMPLOYEE_TAKEOVER"", ""SPECIAL_COMMERCIAL"", ""SALE_TIME_TYPE""], ""includeSelf"": true, ""excludeSelf"": false, ""topK"": 50, ""isFranchise"": 0, ""salesTimeType"": 0}"
경남 합천군 42 223760000만원,200,1,73.9,987,hit,[987],['누들보쌈배달만족'],"{""totalAmount"": 223760000, ""monthlyAvgSales"": ""RANGE_30M_50M"", ""mainCategoryId"": [], ""subCategoryId"": [42], ""address"": {""sidoName"": ""경남"", ""gunName"": ""합천군"", ""dongName"": """"}, ""exclusiveArea"": ""OVER_30"", ""option"": [""OPERATION_PERIOD"", ""PARKING""], ""includeSelf"": true, ""excludeSelf"": false, ""topK"": 50, ""isFranchise"": 1, ""salesTimeType"": 4}"
부산 수영구 민락수변로17번길 56 15 120000000만원,200,1,57.7,2463,hit,"[2556, 2463, 2458]","['쿠시코', '랍스터바 부산밀락더마켓점 ', '랍스터바 부산밀락더마켓']","{""totalAmount"": 120000000, ""monthlyAvgSales"": ""RANGE_20M_30M"", ""mainCategoryId"": [], ""subCategoryId"": [15], ""address"": {""sidoName"": ""부산"", ""gunName"": ""수영구"", ""dongName"": ""민락수변로17번길""}, ""exclusiveArea"": ""OVER_10"", ""option"": [""OPERATION_PERIOD"", ""PARKING"", ""EMPLOYEE_TAKEOVER"", ""SPECIAL_COMMERCIAL"", ""SALE_TIME_TYPE""], ""includeSelf"": true, ""excludeSelf"": false, ""topK"": 50, ""isFranchise"": 0, ""salesTimeType"": 0}"
인천 남동구 논현로46번길 51 35 110000000만원,200,1,55.9,2705,hit,"[2763, 2747, 2705]","['즣호맥', '즣호맥', '호맥']","{""totalAmount"": 110000000, ""monthlyAvgSales"": ""RANGE_20M_30M"", ""mainCategoryId"": [], ""subCategoryId"": [35], ""address"": {""sidoName"": ""인천"", ""gunName"": ""남동구"", ""dongName"": ""논현로46번길""}, ""exclusiveArea"": ""OVER_40"", ""option"": [""OPERATION_PERIOD"", ""PARKING"", ""EMPLOYEE_TAKEOVER""], ""includeSelf"": true, ""excludeSelf"": false, ""topK"": 50, ""isFranchise"": 1, ""salesTimeType"": 4}"
경기 고양시 일산동구 강송로 33 15 230000000만원,200,1,65.6,1900,hit,[1900],['순남시래기'],"{""totalAmount"": 230000000, ""monthlyAvgSales"": ""RANGE_50M_100M"", ""mainCategoryId"": [], ""subCategoryId"": [15], ""address"": {""sidoName"": ""경기"", ""gunName"": ""고양시"", ""dongName"": ""일산동구""}, ""exclusiveArea"": ""OVER_40"", ""option"": [""OPERATION_PERIOD"", ""SPECIAL_COMMERCIAL"", ""SALE_TIME_TYPE""], ""includeSelf"": true, ""excludeSelf"": false, ""topK"": 50, ""isFranchise"": 1, ""salesTimeType"": 0}"
인천 부평구 백운로 49 63 25000000만원,200,1,74.3,2998,hit,"[1936, 734, 2967, 2998, 1711]","['강철카페 ', '노벨스터디카페 삼산점', '쟁반노래연습장', 'CROKIA', '강철카페']","{""totalAmount"": 25000000, ""monthlyAvgSales"": ""RANGE_0_10M"", ""mainCategoryId"": [], ""subCategoryId"": [63], ""address"": {""sidoName"": ""인천"", ""gunName"": ""부평구"", ""dongName"": ""백운로""}, ""exclusiveArea"": ""OVER_10"", ""option"": [""OPERATION_PERIOD"", ""AUTO_OPERATE"", ""PARKING"", ""SALE_TIME_TYPE""], ""includeSelf"": true, ""excludeSelf"": false, ""topK"": 50, ""isFranchise"": 0, ""salesTimeType"": 0}"
경기 광명시 철산로 36 27 200000000만원,200,1,60.8,632,hit,[632],['웰킨두피탈모센터'],"{""totalAmount"": 200000000, ""monthlyAvgSales"": ""RANGE_30M_50M"", ""mainCategoryId"": [], ""subCategoryId"": [27], ""address"": {""sidoName"": ""경기"", ""gunName"": ""광명시"", ""dongName"": ""철산로""}, ""exclusiveArea"": ""OVER_40"", ""option"": [""OPERATION_PERIOD"", ""PARKING""], ""includeSelf"": true, ""excludeSelf"": false, ""topK"": 50, ""isFranchise"": 1, ""salesTimeType"": 4}"
부산 부산진구 동성로39번길 11 30 58000000만원,200,1,66.2,1634,hit,[1634],['고니즈카츠'],"{""totalAmount"": 58000000, ""monthlyAvgSales"": ""RANGE_50M_100M"", ""mainCategoryId"": [], ""subCategoryId"": [30], ""address"": {""sidoName"": ""부산"", ""gunName"": ""부산진구"", ""dongName"": ""동성로39번길""}, ""exclusiveArea"": ""OVER_20"", ""option"": [""SALE_TIME_TYPE""], ""includeSelf"": true, ""excludeSelf"": false, ""topK"": 50, ""isFranchise"": 0, ""salesTimeType"": 0}"
서울 종로구 경교장길 35 37 800000만원,200,0,54.7,3124,nonhit,[3122],['비비큐'],"{""totalAmount"": 800000, ""monthlyAvgSales"": ""RANGE_0_10M"", ""mainCategoryId"": [], ""subCategoryId"": [37], ""address"": {""sidoName"": ""서울"", ""gunName"": ""종로구"", ""dongName"": ""경교장길""}, ""exclusiveArea"": ""OVER_20"", ""option"": [""OPERATION_PERIOD"", ""PARKING"", ""SALE_TIME_TYPE""], ""includeSelf"": true, ""excludeSelf"": false, ""topK"": 50, ""isFranchise"": 1, ""salesTimeType"": 0}"
부산 금정구 남산동 481-3 15 22000000만원,200,1,77.8,669,hit,"[1092, 1858, 669, 658]","['카페능선', '홍도야 남산점', '샐러청', '샐러청']","{""totalAmount"": 22000000, ""monthlyAvgSales"": ""RANGE_10M_20M"", ""mainCategoryId"": [], ""subCategoryId"": [15], ""address"": {""sidoName"": ""부산"", ""gunName"": ""금정구"", ""dongName"": ""남산동""}, ""exclusiveArea"": ""OVER_10"", ""option"": [""OPERATION_PERIOD"", ""SALE_TIME_TYPE""], ""includeSelf"": true, ""excludeSelf"": false, ""topK"": 50, ""isFranchise"": 0, ""salesTimeType"": 0}"
충남 당진시 남산공원길 71-7 35 103000000만원,200,1,63.2,849,hit,[849],['산정맥가'],"{""totalAmount"": 103000000, ""monthlyAvgSales"": ""RANGE_20M_30M"", ""mainCategoryId"": [], ""subCategoryId"": [35], ""address"": {""sidoName"": ""충남"", ""gunName"": ""당진시"", ""dongName"": ""남산공원길""}, ""exclusiveArea"": ""OVER_40"", ""option"": [""PARKING""], ""includeSelf"": true, ""excludeSelf"": false, ""topK"": 50, ""isFranchise"": 0, ""salesTimeType"": 2}"
광주 북구 용봉동 1224-6 15 25000000만원,200,1,303.8,2501,hit,"[2501, 1729, 1709]","['파스타집이야', '파스타집이야', '파스타집이야']","{""totalAmount"": 25000000, ""monthlyAvgSales"": ""RANGE_20M_30M"", ""mainCategoryId"": [], ""subCategoryId"": [15], ""address"": {""sidoName"": ""광주"", ""gunName"": ""북구"", ""dongName"": ""용봉동""}, ""exclusiveArea"": ""ANY"", ""option"": [""OPERATION_PERIOD"", ""PARKING"", ""SALE_TIME_TYPE""], ""includeSelf"": true, ""excludeSelf"": false, ""topK"": 50, ""isFranchise"": 1, ""salesTimeType"": 0}"
경기 화성시 반송동 220-1 6 80000000만원,200,1,54.3,314,hit,[314],['장독대'],"{""totalAmount"": 80000000, ""monthlyAvgSales"": ""OVER_100M"", ""mainCategoryId"": [], ""subCategoryId"": [6], ""address"": {""sidoName"": ""경기"", ""gunName"": ""화성시"", ""dongName"": ""반송동""}, ""exclusiveArea"": ""OVER_10"", ""option"": [""OPERATION_PERIOD"", ""SALE_TIME_TYPE""], ""includeSelf"": true, ""excludeSelf"": false, ""topK"": 50, ""isFranchise"": 0, ""salesTimeType"": 0}"
