label,status,hit,latency_ms,expected_id,used_payload_json,source
경기 의정부시 오목로225번길 15-6 35 120000000만원,200,1,52.5,1231,"{""totalAmount"": 120000000, ""monthlyAvgSales"": ""RANGE_10M_20M"", ""mainCategoryId"": [], ""subCategoryId"": [35], ""address"": {""sidoName"": ""경기"", ""gunName"": ""의정부시"", ""dongName"": ""오목로225번길""}, ""exclusiveArea"": ""OVER_30"", ""option"": [""OPERATION_PERIOD"", ""PARKING"", ""SALE_TIME_TYPE""], ""includeSelf"": true, ""excludeSelf"": false, ""topK"": 50, ""isFranchise"": 1, ""salesTimeType"": 0}",hit
경기 남양주  15 135000000만원,200,1,56.3,905,"{""totalAmount"": 135000000, ""monthlyAvgSales"": ""RANGE_0_10M"", ""mainCategoryId"": [], ""subCategoryId"": [15], ""address"": {""sidoName"": ""경기"", ""gunName"": ""남양주"", ""dongName"": """"}, ""exclusiveArea"": ""OVER_20"", ""option"": [""OPERATION_PERIOD"", ""PARKING"", ""SALE_TIME_TYPE""], ""includeSelf"": true, ""excludeSelf"": false, ""topK"": 50, ""isFranchise"": 1, ""salesTimeType"": 0}",hit
대구 서구 달서로 144-8 42 9000000만원,200,1,61.1,509,"{""totalAmount"": 9000000, ""monthlyAvgSales"": ""RANGE_0_10M"", ""mainCategoryId"": [], ""subCategoryId"": [42], ""address"": {""sidoName"": ""대구"", ""gunName"": ""서구"", ""dongName"": ""달서로""}, ""exclusiveArea"": ""OVER_10"", ""option"": [""OPERATION_PERIOD"", ""PARKING"", ""SALE_TIME_TYPE""], ""includeSelf"": true, ""excludeSelf"": false, ""topK"": 50, ""isFranchise"": 0, ""salesTimeType"": 0}",hit
부산 부산진구 중앙대로680번가길 35 100000000만원,200,1,67.1,885,"{""totalAmount"": 100000000, ""monthlyAvgSales"": ""RANGE_20M_30M"", ""mainCategoryId"": [], ""subCategoryId"": [35], ""address"": {""sidoName"": ""부산"", ""gunName"": ""부산진구"", ""dongName"": ""중앙대로680번가길""}, ""exclusiveArea"": ""OVER_30"", ""option"": [""SALE_TIME_TYPE""], ""includeSelf"": true, ""excludeSelf"": false, ""topK"": 50, ""isFranchise"": 0, ""salesTimeType"": 0}",hit
부산 사상구 사상로 135 37 35000000만원,200,1,81.1,1613,"{""totalAmount"": 35000000, ""monthlyAvgSales"": ""RANGE_20M_30M"", ""mainCategoryId"": [], ""subCategoryId"": [37], ""address"": {""sidoName"": ""부산"", ""gunName"": ""사상구"", ""dongName"": ""사상로""}, ""exclusiveArea"": ""ANY"", ""option"": [""OPERATION_PERIOD"", ""PARKING"", ""SALE_TIME_TYPE""], ""includeSelf"": true, ""excludeSelf"": false, ""topK"": 50, ""isFranchise"": 1, ""salesTimeType"": 0}",hit
경기 고양시 덕양구 통일로 345 30 35000000만원,200,0,63.9,2214,"{""totalAmount"": 35000000, ""monthlyAvgSales"": ""RANGE_30M_50M"", ""mainCategoryId"": [], ""subCategoryId"": [30], ""address"": {""sidoName"": ""경기"", ""gunName"": ""고양시"", ""dongName"": ""덕양구""}, ""exclusiveArea"": ""OVER_10"", ""option"": [""OPERATION_PERIOD"", ""PARKING"", ""EMPLOYEE_TAKEOVER"", ""SALE_TIME_TYPE""], ""includeSelf"": true, ""excludeSelf"": false, ""topK"": 50, ""isFranchise"": 0, ""salesTimeType"": 0}",nonhit
서울 구로구 구로동로40길 16 70000000만원,200,1,61.2,2646,"{""totalAmount"": 70000000, ""monthlyAvgSales"": ""RANGE_0_10M"", ""mainCategoryId"": [], ""subCategoryId"": [16], ""address"": {""sidoName"": ""서울"", ""gunName"": ""구로구"", ""dongName"": ""구로동로40길""}, ""exclusiveArea"": ""OVER_10"", ""option"": [""OPERATION_PERIOD"", ""AUTO_OPERATE"", ""SALE_TIME_TYPE""], ""includeSelf"": true, ""excludeSelf"": false, ""topK"": 50, ""isFranchise"": 0, ""salesTimeType"": 0}",hit
대구 달서구 당산로45길 130 61 8500000만원,200,1,52.9,2935,"{""totalAmount"": 8500000, ""monthlyAvgSales"": ""RANGE_0_10M"", ""mainCategoryId"": [], ""subCategoryId"": [61], ""address"": {""sidoName"": ""대구"", ""gunName"": ""달서구"", ""dongName"": ""당산로45길""}, ""exclusiveArea"": ""OVER_40"", ""option"": [""OPERATION_PERIOD"", ""PARKING"", ""SALE_TIME_TYPE""], ""includeSelf"": true, ""excludeSelf"": false, ""topK"": 50, ""isFranchise"": 0, ""salesTimeType"": 0}",hit
경기 화성시 동탄대로6길 27 35 130000000만원,200,1,58.9,1056,"{""totalAmount"": 130000000, ""monthlyAvgSales"": ""RANGE_30M_50M"", ""mainCategoryId"": [], ""subCategoryId"": [35], ""address"": {""sidoName"": ""경기"", ""gunName"": ""화성시"", ""dongName"": ""동탄대로6길""}, ""exclusiveArea"": ""OVER_10"", ""option"": [""OPERATION_PERIOD"", ""PARKING"", ""SALE_TIME_TYPE""], ""includeSelf"": true, ""excludeSelf"": false, ""topK"": 50, ""isFranchise"": 0, ""salesTimeType"": 0}",hit
경기 화성시 우정읍 조암동로10번길 13 42 130000000만원,200,1,70.6,999,"{""totalAmount"": 130000000, ""monthlyAvgSales"": ""RANGE_20M_30M"", ""mainCategoryId"": [], ""subCategoryId"": [42], ""address"": {""sidoName"": ""경기"", ""gunName"": ""화성시"", ""dongName"": ""우정읍""}, ""exclusiveArea"": ""OVER_10"", ""option"": [""OPERATION_PERIOD"", ""PARKING"", ""SALE_TIME_TYPE""], ""includeSelf"": true, ""excludeSelf"": false, ""topK"": 50, ""isFranchise"": 1, ""salesTimeType"": 0}",hit
서울 중구 필동로 3 34 200000만원,200,1,76.5,3083,"{""totalAmount"": 200000, ""monthlyAvgSales"": ""RANGE_0_10M"", ""mainCategoryId"": [], ""subCategoryId"": [34], ""address"": {""sidoName"": ""서울"", ""gunName"": ""중구"", ""dongName"": ""필동로""}, ""exclusiveArea"": ""ANY"", ""option"": [""PARKING""], ""includeSelf"": true, ""excludeSelf"": false, ""topK"": 50, ""isFranchise"": 0, ""salesTimeType"": 1}",hit
서울 은평구 은평로 111 42 40000000만원,200,1,104.5,411,"{""totalAmount"": 40000000, ""monthlyAvgSales"": ""RANGE_30M_50M"", ""mainCategoryId"": [], ""subCategoryId"": [42], ""address"": {""sidoName"": ""서울"", ""gunName"": ""은평구"", ""dongName"": ""은평로""}, ""exclusiveArea"": ""OVER_40"", ""option"": [""OPERATION_PERIOD"", ""PARKING"", ""SALE_TIME_TYPE""], ""includeSelf"": true, ""excludeSelf"": false, ""topK"": 50, ""isFranchise"": 1, ""salesTimeType"": 0}",hit
경북 김천시 신양4길 57 42 100000000만원,200,1,55.1,2202,"{""totalAmount"": 100000000, ""monthlyAvgSales"": ""RANGE_20M_30M"", ""mainCategoryId"": [], ""subCategoryId"": [42], ""address"": {""sidoName"": ""경북"", ""gunName"": ""김천시"", ""dongName"": ""신양4길""}, ""exclusiveArea"": ""OVER_40"", ""option"": [""PARKING"", ""SALE_TIME_TYPE""], ""includeSelf"": true, ""excludeSelf"": false, ""topK"": 50, ""isFranchise"": 1, ""salesTimeType"": 0}",hit
경기 김포시 초당로61번길 36 63 25000000만원,200,1,62.8,814,"{""totalAmount"": 25000000, ""monthlyAvgSales"": ""RANGE_10M_20M"", ""mainCategoryId"": [], ""subCategoryId"": [63], ""address"": {""sidoName"": ""경기"", ""gunName"": ""김포시"", ""dongName"": ""초당로61번길""}, ""exclusiveArea"": ""OVER_10"", ""option"": [""OPERATION_PERIOD"", ""PARKING"", ""SALE_TIME_TYPE""], ""includeSelf"": true, ""excludeSelf"": false, ""topK"": 50, ""isFranchise"": 0, ""salesTimeType"": 0}",hit
경기 의정부시 가능로49번길 9 37 90000000만원,200,1,51.7,1371,"{""totalAmount"": 90000000, ""monthlyAvgSales"": ""RANGE_30M_50M"", ""mainCategoryId"": [], ""subCategoryId"": [37], ""address"": {""sidoName"": ""경기"", ""gunName"": ""의정부시"", ""dongName"": ""가능로49번길""}, ""exclusiveArea"": ""ANY"", ""option"": [""OPERATION_PERIOD""], ""includeSelf"": true, ""excludeSelf"": false, ""topK"": 50, ""isFranchise"": 1, ""salesTimeType"": 4}",hit
경기 안양시 동안구 관양동 1460-11 37 55000000만원,200,1,70.0,334,"{""totalAmount"": 55000000, ""monthlyAvgSales"": ""RANGE_30M_50M"", ""mainCategoryId"": [], ""subCategoryId"": [37], ""address"": {""sidoName"": ""경기"", ""gunName"": ""안양시"", ""dongName"": ""동안구""}, ""exclusiveArea"": ""ANY"", ""option"": [""OPERATION_PERIOD"", ""PARKING""], ""includeSelf"": true, ""excludeSelf"": false, ""topK"": 50, ""isFranchise"": 1, ""salesTimeType"": 4}",hit
강원특별자치도 횡성군 갑천면 갑천로 9-22 30 600000만원,200,0,55.0,3181,"{""totalAmount"": 600000, ""monthlyAvgSales"": ""RANGE_0_10M"", ""mainCategoryId"": [], ""subCategoryId"": [30], ""address"": {""sidoName"": ""강원특별자치도"", ""gunName"": ""횡성군"", ""dongName"": ""갑천면""}, ""exclusiveArea"": ""OVER_20"", ""option"": [""OPERATION_PERIOD"", ""PARKING"", ""SALE_TIME_TYPE""], ""includeSelf"": true, ""excludeSelf"": false, ""topK"": 50, ""isFranchise"": 0, ""salesTimeType"": 0}",nonhit
부산 부산진구 전포대로209번길 57 70000000만원,200,1,49.7,1201,"{""totalAmount"": 70000000, ""monthlyAvgSales"": ""RANGE_0_10M"", ""mainCategoryId"": [], ""subCategoryId"": [57], ""address"": {""sidoName"": ""부산"", ""gunName"": ""부산진구"", ""dongName"": ""전포대로209번길""}, ""exclusiveArea"": ""OVER_30"", ""option"": [""SALE_TIME_TYPE""], ""includeSelf"": true, ""excludeSelf"": false, ""topK"": 50, ""isFranchise"": 0, ""salesTimeType"": 0}",hit
강원 춘천시 온의동 31 50000000만원,200,1,73.4,1301,"{""totalAmount"": 50000000, ""monthlyAvgSales"": ""RANGE_0_10M"", ""mainCategoryId"": [], ""subCategoryId"": [31], ""address"": {""sidoName"": ""강원"", ""gunName"": ""춘천시"", ""dongName"": ""온의동""}, ""exclusiveArea"": ""OVER_40"", ""option"": [""AUTO_OPERATE"", ""PARKING"", ""SALE_TIME_TYPE""], ""includeSelf"": true, ""excludeSelf"": false, ""topK"": 50, ""isFranchise"": 0, ""salesTimeType"": 0}",hit
서울 노원구 상계동 434-61 14 25000000만원,200,1,77.9,965,"{""totalAmount"": 25000000, ""monthlyAvgSales"": ""RANGE_10M_20M"", ""mainCategoryId"": [], ""subCategoryId"": [14], ""address"": {""sidoName"": ""서울"", ""gunName"": ""노원구"", ""dongName"": ""상계동""}, ""exclusiveArea"": ""OVER_10"", ""option"": [""OPERATION_PERIOD"", ""PARKING"", ""SALE_TIME_TYPE""], ""includeSelf"": true, ""excludeSelf"": false, ""topK"": 50, ""isFranchise"": 1, ""salesTimeType"": 0}",hit
서울 은평구 응암동 244-179 63 28000000만원,200,1,69.0,2162,"{""totalAmount"": 28000000, ""monthlyAvgSales"": ""RANGE_0_10M"", ""mainCategoryId"": [], ""subCategoryId"": [63], ""address"": {""sidoName"": ""서울"", ""gunName"": ""은평구"", ""dongName"": ""응암동""}, ""exclusiveArea"": ""OVER_20"", ""option"": [""AUTO_OPERATE"", ""PARKING"", ""SALE_TIME_TYPE""], ""includeSelf"": true, ""excludeSelf"": false, ""topK"": 50, ""isFranchise"": 0, ""salesTimeType"": 0}",hit
부산 해운대구 좌동순환로 275 63 45000000만원,200,1,53.9,1585,"{""totalAmount"": 45000000, ""monthlyAvgSales"": ""RANGE_0_10M"", ""mainCategoryId"": [], ""subCategoryId"": [63], ""address"": {""sidoName"": ""부산"", ""gunName"": ""해운대구"", ""dongName"": ""좌동순환로""}, ""exclusiveArea"": ""ANY"", ""option"": [""PARKING"", ""SALE_TIME_TYPE""], ""includeSelf"": true, ""excludeSelf"": false, ""topK"": 50, ""isFranchise"": 0, ""salesTimeType"": 0}",hit
경기 양주시 옥정동로7길 20 27 75000000만원,200,1,65.3,2443,"{""totalAmount"": 75000000, ""monthlyAvgSales"": ""RANGE_10M_20M"", ""mainCategoryId"": [], ""subCategoryId"": [27], ""address"": {""sidoName"": ""경기"", ""gunName"": ""양주시"", ""dongName"": ""옥정동로7길""}, ""exclusiveArea"": ""OVER_30"", ""option"": [""OPERATION_PERIOD"", ""PARKING"", ""SALE_TIME_TYPE""], ""includeSelf"": true, ""excludeSelf"": false, ""topK"": 50, ""isFranchise"": 0, ""salesTimeType"": 0}",hit
충남 아산시 탕정면 한들물빛도시로 70 42 260000000만원,200,1,59.4,2121,"{""totalAmount"": 260000000, ""monthlyAvgSales"": ""RANGE_50M_100M"", ""mainCategoryId"": [], ""subCategoryId"": [42], ""address"": {""sidoName"": ""충남"", ""gunName"": ""아산시"", ""dongName"": ""탕정면""}, ""exclusiveArea"": ""OVER_30"", ""option"": [""PARKING"", ""EMPLOYEE_TAKEOVER"", ""SALE_TIME_TYPE""], ""includeSelf"": true, ""excludeSelf"": false, ""topK"": 50, ""isFranchise"": 1, ""salesTimeType"": 0}",hit
부산 수영구 무학로52번길 49 42 50000000만원,200,1,62.5,1052,"{""totalAmount"": 50000000, ""monthlyAvgSales"": ""RANGE_0_10M"", ""mainCategoryId"": [], ""subCategoryId"": [42], ""address"": {""sidoName"": ""부산"", ""gunName"": ""수영구"", ""dongName"": ""무학로52번길""}, ""exclusiveArea"": ""OVER_10"", ""option"": [""OPERATION_PERIOD"", ""PARKING"", ""SALE_TIME_TYPE""], ""includeSelf"": true, ""excludeSelf"": false, ""topK"": 50, ""isFranchise"": 0, ""salesTimeType"": 0}",hit
부산 강서구 명지국제8로 296 41 50000000만원,200,1,75.1,2280,"{""totalAmount"": 50000000, ""monthlyAvgSales"": ""RANGE_20M_30M"", ""mainCategoryId"": [], ""subCategoryId"": [41], ""address"": {""sidoName"": ""부산"", ""gunName"": ""강서구"", ""dongName"": ""명지국제8로""}, ""exclusiveArea"": ""OVER_40"", ""option"": [""OPERATION_PERIOD"", ""PARKING"", ""SALE_TIME_TYPE""], ""includeSelf"": true, ""excludeSelf"": false, ""topK"": 50, ""isFranchise"": 1, ""salesTimeType"": 0}",hit
대구 달서구 갈밭로12길 15 63 75000000만원,200,1,82.5,2446,"{""totalAmount"": 75000000, ""monthlyAvgSales"": ""RANGE_0_10M"", ""mainCategoryId"": [], ""subCategoryId"": [63], ""address"": {""sidoName"": ""대구"", ""gunName"": ""달서구"", ""dongName"": ""갈밭로12길""}, ""exclusiveArea"": ""OVER_10"", ""option"": [""OPERATION_PERIOD"", ""PARKING"", ""SALE_TIME_TYPE""], ""includeSelf"": true, ""excludeSelf"": false, ""topK"": 50, ""isFranchise"": 0, ""salesTimeType"": 0}",hit
부산 남구 용호동 15 130000000만원,200,1,73.6,2531,"{""totalAmount"": 130000000, ""monthlyAvgSales"": ""RANGE_30M_50M"", ""mainCategoryId"": [], ""subCategoryId"": [15], ""address"": {""sidoName"": ""부산"", ""gunName"": ""남구"", ""dongName"": ""용호동""}, ""exclusiveArea"": ""OVER_30"", ""option"": [""OPERATION_PERIOD"", ""PARKING"", ""EMPLOYEE_TAKEOVER"", ""SPECIAL_COMMERCIAL"", ""SALE_TIME_TYPE""], ""includeSelf"": true, ""excludeSelf"": false, ""topK"": 50, ""isFranchise"": 1, ""salesTimeType"": 0}",hit
경기 구리시 원수택로 23 42 26000000만원,200,1,72.1,607,"{""totalAmount"": 26000000, ""monthlyAvgSales"": ""RANGE_10M_20M"", ""mainCategoryId"": [], ""subCategoryId"": [42], ""address"": {""sidoName"": ""경기"", ""gunName"": ""구리시"", ""dongName"": ""원수택로""}, ""exclusiveArea"": ""OVER_10"", ""option"": [""OPERATION_PERIOD"", ""PARKING"", ""SALE_TIME_TYPE""], ""includeSelf"": true, ""excludeSelf"": false, ""topK"": 50, ""isFranchise"": 1, ""salesTimeType"": 0}",hit
경기 구리시 수택동 473-7 30 35000000만원,200,1,52.4,853,"{""totalAmount"": 35000000, ""monthlyAvgSales"": ""RANGE_10M_20M"", ""mainCategoryId"": [], ""subCategoryId"": [30], ""address"": {""sidoName"": ""경기"", ""gunName"": ""구리시"", ""dongName"": ""수택동""}, ""exclusiveArea"": ""OVER_10"", ""option"": [""PARKING"", ""SALE_TIME_TYPE""], ""includeSelf"": true, ""excludeSelf"": false, ""topK"": 50, ""isFranchise"": 0, ""salesTimeType"": 0}",hit
경기 의정부시 의정부동 6-5 25 27000000만원,200,0,73.5,1866,"{""totalAmount"": 27000000, ""monthlyAvgSales"": ""RANGE_10M_20M"", ""mainCategoryId"": [], ""subCategoryId"": [25], ""address"": {""sidoName"": ""경기"", ""gunName"": ""의정부시"", ""dongName"": ""의정부동""}, ""exclusiveArea"": ""ANY"", ""option"": [""OPERATION_PERIOD"", ""PARKING"", ""EMPLOYEE_TAKEOVER""], ""includeSelf"": true, ""excludeSelf"": false, ""topK"": 50, ""isFranchise"": 0, ""salesTimeType"": 1}",nonhit
서울 강서구 화곡로 416 36 115000000만원,200,1,65.1,2252,"{""totalAmount"": 115000000, ""monthlyAvgSales"": ""RANGE_20M_30M"", ""mainCategoryId"": [], ""subCategoryId"": [36], ""address"": {""sidoName"": ""서울"", ""gunName"": ""강서구"", ""dongName"": ""화곡로""}, ""exclusiveArea"": ""OVER_10"", ""option"": [""PARKING"", ""EMPLOYEE_TAKEOVER"", ""SALE_TIME_TYPE""], ""includeSelf"": true, ""excludeSelf"": false, ""topK"": 50, ""isFranchise"": 0, ""salesTimeType"": 0}",hit
충남 보령시 해수욕장9길 7 17 150000000만원,200,1,130.3,1485,"{""totalAmount"": 150000000, ""monthlyAvgSales"": ""RANGE_30M_50M"", ""mainCategoryId"": [], ""subCategoryId"": [17], ""address"": {""sidoName"": ""충남"", ""gunName"": ""보령시"", ""dongName"": ""해수욕장9길""}, ""exclusiveArea"": ""OVER_40"", ""option"": [""OPERATION_PERIOD"", ""PARKING"", ""SALE_TIME_TYPE""], ""includeSelf"": true, ""excludeSelf"": false, ""topK"": 50, ""isFranchise"": 0, ""salesTimeType"": 0}",hit
서울 강북구 오현로 29 63 45000000만원,200,1,82.6,844,"{""totalAmount"": 45000000, ""monthlyAvgSales"": ""RANGE_0_10M"", ""mainCategoryId"": [], ""subCategoryId"": [63], ""address"": {""sidoName"": ""서울"", ""gunName"": ""강북구"", ""dongName"": ""오현로""}, ""exclusiveArea"": ""ANY"", ""option"": [""OPERATION_PERIOD"", ""SALE_TIME_TYPE""], ""includeSelf"": true, ""excludeSelf"": false, ""topK"": 50, ""isFranchise"": 0, ""salesTimeType"": 0}",hit
대전 유성구 문지동 651-3 42 50000000만원,200,1,76.4,2174,"{""totalAmount"": 50000000, ""monthlyAvgSales"": ""RANGE_20M_30M"", ""mainCategoryId"": [], ""subCategoryId"": [42], ""address"": {""sidoName"": ""대전"", ""gunName"": ""유성구"", ""dongName"": ""문지동""}, ""exclusiveArea"": ""OVER_40"", ""option"": [""OPERATION_PERIOD"", ""PARKING"", ""SALE_TIME_TYPE""], ""includeSelf"": true, ""excludeSelf"": false, ""topK"": 50, ""isFranchise"": 0, ""salesTimeType"": 0}",hit
서울 양천구 목동 960 30 90000000만원,200,1,74.2,1898,"{""totalAmount"": 90000000, ""monthlyAvgSales"": ""RANGE_50M_100M"", ""mainCategoryId"": [], ""subCategoryId"": [30], ""address"": {""sidoName"": ""서울"", ""gunName"": ""양천구"", ""dongName"": ""목동""}, ""exclusiveArea"": ""OVER_10"", ""option"": [""OPERATION_PERIOD"", ""EMPLOYEE_TAKEOVER"", ""SALE_TIME_TYPE""], ""includeSelf"": true, ""excludeSelf"": false, ""topK"": 50, ""isFranchise"": 0, ""salesTimeType"": 0}",hit
경기 화성시 서신면 전곡리 1113-5 31 20000000만원,200,1,93.9,1489,"{""totalAmount"": 20000000, ""monthlyAvgSales"": ""RANGE_0_10M"", ""mainCategoryId"": [], ""subCategoryId"": [31], ""address"": {""sidoName"": ""경기"", ""gunName"": ""화성시"", ""dongName"": ""서신면""}, ""exclusiveArea"": ""OVER_20"", ""option"": [""AUTO_OPERATE"", ""PARKING"", ""SALE_TIME_TYPE""], ""includeSelf"": true, ""excludeSelf"": false, ""topK"": 50, ""isFranchise"": 0, ""salesTimeType"": 0}",hit
서울 강서구 화곡로 398 57 22000000만원,200,1,58.3,1226,"{""totalAmount"": 22000000, ""monthlyAvgSales"": ""RANGE_10M_20M"", ""mainCategoryId"": [], ""subCategoryId"": [57], ""address"": {""sidoName"": ""서울"", ""gunName"": ""강서구"", ""dongName"": ""화곡로""}, ""exclusiveArea"": ""OVER_40"", ""option"": [""PARKING"", ""SALE_TIME_TYPE""], ""includeSelf"": true, ""excludeSelf"": false, ""topK"": 50, ""isFranchise"": 0, ""salesTimeType"": 0}",hit
서울 서대문구 연세로9길 25 63 55000000만원,200,1,71.7,2755,"{""totalAmount"": 55000000, ""monthlyAvgSales"": ""RANGE_0_10M"", ""mainCategoryId"": [], ""subCategoryId"": [63], ""address"": {""sidoName"": ""서울"", ""gunName"": ""서대문구"", ""dongName"": ""연세로9길""}, ""exclusiveArea"": ""OVER_40"", ""option"": [""OPERATION_PERIOD"", ""SPECIAL_COMMERCIAL"", ""SALE_TIME_TYPE""], ""includeSelf"": true, ""excludeSelf"": false, ""topK"": 50, ""isFranchise"": 0, ""salesTimeType"": 0}",hit
경기 성남시 분당구 구미동 143-1 37 100000000만원,200,1,59.3,2476,"{""totalAmount"": 100000000, ""monthlyAvgSales"": ""RANGE_30M_50M"", ""mainCategoryId"": [], ""subCategoryId"": [37], ""address"": {""sidoName"": ""경기"", ""gunName"": ""성남시"", ""dongName"": ""분당구""}, ""exclusiveArea"": ""OVER_30"", ""option"": [""OPERATION_PERIOD"", ""PARKING"", ""SALE_TIME_TYPE""], ""includeSelf"": true, ""excludeSelf"": false, ""topK"": 50, ""isFranchise"": 1, ""salesTimeType"": 0}",hit
경기 오산시 밀머리로 87 14 43000000만원,200,1,67.6,727,"{""totalAmount"": 43000000, ""monthlyAvgSales"": ""RANGE_20M_30M"", ""mainCategoryId"": [], ""subCategoryId"": [14], ""address"": {""sidoName"": ""경기"", ""gunName"": ""오산시"", ""dongName"": ""밀머리로""}, ""exclusiveArea"": ""OVER_10"", ""option"": [""OPERATION_PERIOD"", ""PARKING"", ""SALE_TIME_TYPE""], ""includeSelf"": true, ""excludeSelf"": false, ""topK"": 50, ""isFranchise"": 1, ""salesTimeType"": 0}",hit
경기 성남시 수정구 청계산로 686 63 18000000만원,200,1,88.2,2991,"{""totalAmount"": 18000000, ""monthlyAvgSales"": ""RANGE_0_10M"", ""mainCategoryId"": [], ""subCategoryId"": [63], ""address"": {""sidoName"": ""경기"", ""gunName"": ""성남시"", ""dongName"": ""수정구""}, ""exclusiveArea"": ""OVER_20"", ""option"": [""OPERATION_PERIOD"", ""PARKING"", ""SALE_TIME_TYPE""], ""includeSelf"": true, ""excludeSelf"": false, ""topK"": 50, ""isFranchise"": 0, ""salesTimeType"": 0}",hit
경기 안양시 만안구 만안로 244 25 200000000만원,200,1,75.8,2812,"{""totalAmount"": 200000000, ""monthlyAvgSales"": ""RANGE_20M_30M"", ""mainCategoryId"": [], ""subCategoryId"": [25], ""address"": {""sidoName"": ""경기"", ""gunName"": ""안양시"", ""dongName"": ""만안구""}, ""exclusiveArea"": ""OVER_10"", ""option"": [""OPERATION_PERIOD"", ""PARKING"", ""EMPLOYEE_TAKEOVER"", ""SPECIAL_COMMERCIAL""], ""includeSelf"": true, ""excludeSelf"": false, ""topK"": 50, ""isFranchise"": 1, ""salesTimeType"": 4}",hit
서울 도봉구 해등로3길 85 58 40000000만원,200,1,57.9,1683,"{""totalAmount"": 40000000, ""monthlyAvgSales"": ""RANGE_0_10M"", ""mainCategoryId"": [], ""subCategoryId"": [58], ""address"": {""sidoName"": ""서울"", ""gunName"": ""도봉구"", ""dongName"": ""해등로3길""}, ""exclusiveArea"": ""OVER_10"", ""option"": [""PARKING"", ""SALE_TIME_TYPE""], ""includeSelf"": true, ""excludeSelf"": false, ""topK"": 50, ""isFranchise"": 0, ""salesTimeType"": 0}",hit
서울 강서구 마곡중앙로 161-8 15 170000000만원,200,0,66.9,2352,"{""totalAmount"": 170000000, ""monthlyAvgSales"": ""RANGE_30M_50M"", ""mainCategoryId"": [], ""subCategoryId"": [15], ""address"": {""sidoName"": ""서울"", ""gunName"": ""강서구"", ""dongName"": ""마곡중앙로""}, ""exclusiveArea"": ""OVER_20"", ""option"": [""OPERATION_PERIOD"", ""PARKING""], ""includeSelf"": true, ""excludeSelf"": false, ""topK"": 50, ""isFranchise"": 1, ""salesTimeType"": 4}",nonhit
부산 해운대구 우동 1498 30 300000000만원,200,1,75.3,2901,"{""totalAmount"": 300000000, ""monthlyAvgSales"": ""RANGE_50M_100M"", ""mainCategoryId"": [], ""subCategoryId"": [30], ""address"": {""sidoName"": ""부산"", ""gunName"": ""해운대구"", ""dongName"": ""우동""}, ""exclusiveArea"": ""OVER_10"", ""option"": [""OPERATION_PERIOD"", ""PARKING"", ""EMPLOYEE_TAKEOVER"", ""SPECIAL_COMMERCIAL"", ""SALE_TIME_TYPE""], ""includeSelf"": true, ""excludeSelf"": false, ""topK"": 50, ""isFranchise"": 1, ""salesTimeType"": 0}",hit
광주 북구 용봉동 1224-6 15 35000000만원,200,1,85.5,1729,"{""totalAmount"": 35000000, ""monthlyAvgSales"": ""RANGE_20M_30M"", ""mainCategoryId"": [], ""subCategoryId"": [15], ""address"": {""sidoName"": ""광주"", ""gunName"": ""북구"", ""dongName"": ""용봉동""}, ""exclusiveArea"": ""ANY"", ""option"": [""PARKING"", ""SALE_TIME_TYPE""], ""includeSelf"": true, ""excludeSelf"": false, ""topK"": 50, ""isFranchise"": 1, ""salesTimeType"": 0}",hit
서울 강남구 테헤란로 152 39 103300000만원,200,1,56.6,935,"{""totalAmount"": 103300000, ""monthlyAvgSales"": ""RANGE_30M_50M"", ""mainCategoryId"": [], ""subCategoryId"": [39], ""address"": {""sidoName"": ""서울"", ""gunName"": ""강남구"", ""dongName"": ""테헤란로""}, ""exclusiveArea"": ""OVER_10"", ""option"": [""OPERATION_PERIOD"", ""PARKING"", ""SALE_TIME_TYPE""], ""includeSelf"": true, ""excludeSelf"": false, ""topK"": 50, ""isFranchise"": 1, ""salesTimeType"": 0}",hit
경기 파주시 탄현면 63 31500000만원,200,1,62.6,1615,"{""totalAmount"": 31500000, ""monthlyAvgSales"": ""RANGE_0_10M"", ""mainCategoryId"": [], ""subCategoryId"": [63], ""address"": {""sidoName"": ""경기"", ""gunName"": ""파주시"", ""dongName"": ""탄현면""}, ""exclusiveArea"": ""OVER_30"", ""option"": [""OPERATION_PERIOD"", ""PARKING"", ""SALE_TIME_TYPE""], ""includeSelf"": true, ""excludeSelf"": false, ""topK"": 50, ""isFranchise"": 0, ""salesTimeType"": 0}",hit
경남 진주시 대안동 19-6 15 30000000만원,200,1,62.5,1099,"{""totalAmount"": 30000000, ""monthlyAvgSales"": ""RANGE_20M_30M"", ""mainCategoryId"": [], ""subCategoryId"": [15], ""address"": {""sidoName"": ""경남"", ""gunName"": ""진주시"", ""dongName"": ""대안동""}, ""exclusiveArea"": ""OVER_20"", ""option"": [""OPERATION_PERIOD"", ""SALE_TIME_TYPE""], ""includeSelf"": true, ""excludeSelf"": false, ""topK"": 50, ""isFranchise"": 1, ""salesTimeType"": 0}",hit
충북 청주시 청원구 율량동 2026 42 90000000만원,200,1,52.7,357,"{""totalAmount"": 90000000, ""monthlyAvgSales"": ""RANGE_20M_30M"", ""mainCategoryId"": [], ""subCategoryId"": [42], ""address"": {""sidoName"": ""충북"", ""gunName"": ""청주시"", ""dongName"": ""청원구""}, ""exclusiveArea"": ""OVER_40"", ""option"": [""OPERATION_PERIOD"", ""PARKING""], ""includeSelf"": true, ""excludeSelf"": false, ""topK"": 50, ""isFranchise"": 0, ""salesTimeType"": 1}",hit
서울 동대문구 천호대로 23 63 90000000만원,200,1,66.4,1411,"{""totalAmount"": 90000000, ""monthlyAvgSales"": ""RANGE_0_10M"", ""mainCategoryId"": [], ""subCategoryId"": [63], ""address"": {""sidoName"": ""서울"", ""gunName"": ""동대문구"", ""dongName"": ""천호대로""}, ""exclusiveArea"": ""OVER_10"", ""option"": [""OPERATION_PERIOD"", ""PARKING""], ""includeSelf"": true, ""excludeSelf"": false, ""topK"": 50, ""isFranchise"": 1, ""salesTimeType"": 4}",hit
서울 영등포구 당산로42길 30 75000000만원,200,1,77.1,557,"{""totalAmount"": 75000000, ""monthlyAvgSales"": ""RANGE_30M_50M"", ""mainCategoryId"": [], ""subCategoryId"": [30], ""address"": {""sidoName"": ""서울"", ""gunName"": ""영등포구"", ""dongName"": ""당산로42길""}, ""exclusiveArea"": ""OVER_40"", ""option"": [""OPERATION_PERIOD"", ""PARKING""], ""includeSelf"": true, ""excludeSelf"": false, ""topK"": 50, ""isFranchise"": 0, ""salesTimeType"": 4}",hit
인천 부평구 동암광장로4번길 3 14 210000000만원,200,1,82.0,59,"{""totalAmount"": 210000000, ""monthlyAvgSales"": ""RANGE_30M_50M"", ""mainCategoryId"": [], ""subCategoryId"": [14], ""address"": {""sidoName"": ""인천"", ""gunName"": ""부평구"", ""dongName"": ""동암광장로4번길""}, ""exclusiveArea"": ""OVER_10"", ""option"": [""OPERATION_PERIOD"", ""SALE_TIME_TYPE""], ""includeSelf"": true, ""excludeSelf"": false, ""topK"": 50, ""isFranchise"": 1, ""salesTimeType"": 0}",hit
서울 송파구 양재대로66길 32 63 30000000만원,200,1,73.8,1896,"{""totalAmount"": 30000000, ""monthlyAvgSales"": ""RANGE_0_10M"", ""mainCategoryId"": [], ""subCategoryId"": [63], ""address"": {""sidoName"": ""서울"", ""gunName"": ""송파구"", ""dongName"": ""양재대로66길""}, ""exclusiveArea"": ""OVER_10"", ""option"": [""OPERATION_PERIOD""], ""includeSelf"": true, ""excludeSelf"": false, ""topK"": 50, ""isFranchise"": 0, ""salesTimeType"": 1}",hit
충남 천안시 서북구 불당동 1539 30 27000000만원,200,1,78.7,2025,"{""totalAmount"": 27000000, ""monthlyAvgSales"": ""RANGE_0_10M"", ""mainCategoryId"": [], ""subCategoryId"": [30], ""address"": {""sidoName"": ""충남"", ""gunName"": ""천안시"", ""dongName"": ""서북구""}, ""exclusiveArea"": ""OVER_10"", ""option"": [""PARKING"", ""SALE_TIME_TYPE""], ""includeSelf"": true, ""excludeSelf"": false, ""topK"": 50, ""isFranchise"": 0, ""salesTimeType"": 0}",hit
경북 김천시 대학로 30 400000000만원,200,1,60.6,3009,"{""totalAmount"": 400000000, ""monthlyAvgSales"": ""OVER_100M"", ""mainCategoryId"": [], ""subCategoryId"": [30], ""address"": {""sidoName"": ""경북"", ""gunName"": ""김천시"", ""dongName"": ""대학로""}, ""exclusiveArea"": ""OVER_40"", ""option"": [""OPERATION_PERIOD"", ""PARKING"", ""EMPLOYEE_TAKEOVER""], ""includeSelf"": true, ""excludeSelf"": false, ""topK"": 50, ""isFranchise"": 0, ""salesTimeType"": 4}",hit
서울 용산구 신흥로15길 20 63 45000000만원,200,1,94.1,1785,"{""totalAmount"": 45000000, ""monthlyAvgSales"": ""RANGE_50M_100M"", ""mainCategoryId"": [], ""subCategoryId"": [63], ""address"": {""sidoName"": ""서울"", ""gunName"": ""용산구"", ""dongName"": ""신흥로15길""}, ""exclusiveArea"": ""OVER_20"", ""option"": [""OPERATION_PERIOD"", ""PARKING"", ""SALE_TIME_TYPE""], ""includeSelf"": true, ""excludeSelf"": false, ""topK"": 50, ""isFranchise"": 0, ""salesTimeType"": 0}",hit
경기 하남시 위례대로 190 42 20000000만원,200,1,97.0,2594,"{""totalAmount"": 20000000, ""monthlyAvgSales"": ""RANGE_10M_20M"", ""mainCategoryId"": [], ""subCategoryId"": [42], ""address"": {""sidoName"": ""경기"", ""gunName"": ""하남시"", ""dongName"": ""위례대로""}, ""exclusiveArea"": ""ANY"", ""option"": [""OPERATION_PERIOD"", ""PARKING"", ""EMPLOYEE_TAKEOVER"", ""SALE_TIME_TYPE""], ""includeSelf"": true, ""excludeSelf"": false, ""topK"": 50, ""isFranchise"": 0, ""salesTimeType"": 0}",hit
부산 영도구 중리로 24 37 47000000만원,200,1,46.6,1651,"{""totalAmount"": 47000000, ""monthlyAvgSales"": ""RANGE_20M_30M"", ""mainCategoryId"": [], ""subCategoryId"": [37], ""address"": {""sidoName"": ""부산"", ""gunName"": ""영도구"", ""dongName"": ""중리로""}, ""exclusiveArea"": ""OVER_10"", ""option"": [""OPERATION_PERIOD"", ""PARKING"", ""SALE_TIME_TYPE""], ""includeSelf"": true, ""excludeSelf"": false, ""topK"": 50, ""isFranchise"": 1, ""salesTimeType"": 0}",hit
경기 고양시 덕양구 백양로 79 33 80000000만원,200,1,62.8,309,"{""totalAmount"": 80000000, ""monthlyAvgSales"": ""RANGE_10M_20M"", ""mainCategoryId"": [], ""subCategoryId"": [33], ""address"": {""sidoName"": ""경기"", ""gunName"": ""고양시"", ""dongName"": ""덕양구""}, ""exclusiveArea"": ""ANY"", ""option"": [""OPERATION_PERIOD"", ""PARKING"", ""SALE_TIME_TYPE""], ""includeSelf"": true, ""excludeSelf"": false, ""topK"": 50, ""isFranchise"": 1, ""salesTimeType"": 0}",hit
서울 관악구 신림동 57 120000000만원,200,1,57.4,590,"{""totalAmount"": 120000000, ""monthlyAvgSales"": ""RANGE_0_10M"", ""mainCategoryId"": [], ""subCategoryId"": [57], ""address"": {""sidoName"": ""서울"", ""gunName"": ""관악구"", ""dongName"": ""신림동""}, ""exclusiveArea"": ""OVER_40"", ""option"": [""AUTO_OPERATE"", ""PARKING"", ""SALE_TIME_TYPE""], ""includeSelf"": true, ""excludeSelf"": false, ""topK"": 50, ""isFranchise"": 0, ""salesTimeType"": 0}",hit
인천 남동구 석정로 515 53 200000000만원,200,1,63.5,1278,"{""totalAmount"": 200000000, ""monthlyAvgSales"": ""RANGE_30M_50M"", ""mainCategoryId"": [], ""subCategoryId"": [53], ""address"": {""sidoName"": ""인천"", ""gunName"": ""남동구"", ""dongName"": ""석정로""}, ""exclusiveArea"": ""OVER_40"", ""option"": [""OPERATION_PERIOD"", ""PARKING"", ""SALE_TIME_TYPE""], ""includeSelf"": true, ""excludeSelf"": false, ""topK"": 50, ""isFranchise"": 0, ""salesTimeType"": 0}",hit
충북 청주시 흥덕구 가경동 2256 36 73000000만원,200,1,61.2,363,"{""totalAmount"": 73000000, ""monthlyAvgSales"": ""RANGE_30M_50M"", ""mainCategoryId"": [], ""subCategoryId"": [36], ""address"": {""sidoName"": ""충북"", ""gunName"": ""청주시"", ""dongName"": ""흥덕구""}, ""exclusiveArea"": ""OVER_20"", ""option"": [""PARKING"", ""SALE_TIME_TYPE""], ""includeSelf"": true, ""excludeSelf"": false, ""topK"": 50, ""isFranchise"": 0, ""salesTimeType"": 0}",hit
경기 화성시 방교동 766-9 37 45000000만원,200,1,90.5,368,"{""totalAmount"": 45000000, ""monthlyAvgSales"": ""RANGE_30M_50M"", ""mainCategoryId"": [], ""subCategoryId"": [37], ""address"": {""sidoName"": ""경기"", ""gunName"": ""화성시"", ""dongName"": ""방교동""}, ""exclusiveArea"": ""OVER_20"", ""option"": [""OPERATION_PERIOD"", ""PARKING"", ""SALE_TIME_TYPE""], ""includeSelf"": true, ""excludeSelf"": false, ""topK"": 50, ""isFranchise"": 1, ""salesTimeType"": 0}",hit
인천 부평구 경원대로 1246 63 185000000만원,200,1,44.2,1542,"{""totalAmount"": 185000000, ""monthlyAvgSales"": ""RANGE_20M_30M"", ""mainCategoryId"": [], ""subCategoryId"": [63], ""address"": {""sidoName"": ""인천"", ""gunName"": ""부평구"", ""dongName"": ""경원대로""}, ""exclusiveArea"": ""OVER_10"", ""option"": [""OPERATION_PERIOD"", ""PARKING"", ""EMPLOYEE_TAKEOVER"", ""SALE_TIME_TYPE""], ""includeSelf"": true, ""excludeSelf"": false, ""topK"": 50, ""isFranchise"": 1, ""salesTimeType"": 0}",hit
경기 오산시 궐리사로 47 38 50000000만원,200,1,56.2,763,"{""totalAmount"": 50000000, ""monthlyAvgSales"": ""RANGE_0_10M"", ""mainCategoryId"": [], ""subCategoryId"": [38], ""address"": {""sidoName"": ""경기"", ""gunName"": ""오산시"", ""dongName"": ""궐리사로""}, ""exclusiveArea"": ""OVER_20"", ""option"": [""PARKING"", ""SALE_TIME_TYPE""], ""includeSelf"": true, ""excludeSelf"": false, ""topK"": 50, ""isFranchise"": 0, ""salesTimeType"": 0}",hit
경북 경산시 삼성현로 63 400000000만원,200,1,63.8,2586,"{""totalAmount"": 400000000, ""monthlyAvgSales"": ""RANGE_30M_50M"", ""mainCategoryId"": [], ""subCategoryId"": [63], ""address"": {""sidoName"": ""경북"", ""gunName"": ""경산시"", ""dongName"": ""삼성현로""}, ""exclusiveArea"": ""OVER_40"", ""option"": [""OPERATION_PERIOD"", ""PARKING"", ""SALE_TIME_TYPE""], ""includeSelf"": true, ""excludeSelf"": false, ""topK"": 50, ""isFranchise"": 0, ""salesTimeType"": 0}",hit
경기 고양시 덕양구 통일로 345 30 35000000만원,200,0,85.8,2217,"{""totalAmount"": 35000000, ""monthlyAvgSales"": ""RANGE_30M_50M"", ""mainCategoryId"": [], ""subCategoryId"": [30], ""address"": {""sidoName"": ""경기"", ""gunName"": ""고양시"", ""dongName"": ""덕양구""}, ""exclusiveArea"": ""OVER_10"", ""option"": [""OPERATION_PERIOD"", ""PARKING"", ""EMPLOYEE_TAKEOVER"", ""SALE_TIME_TYPE""], ""includeSelf"": true, ""excludeSelf"": false, ""topK"": 50, ""isFranchise"": 0, ""salesTimeType"": 0}",nonhit
서울 은평구 불광동 281-156 36 70000000만원,200,1,75.7,391,"{""totalAmount"": 70000000, ""monthlyAvgSales"": ""RANGE_50M_100M"", ""mainCategoryId"": [], ""subCategoryId"": [36], ""address"": {""sidoName"": ""서울"", ""gunName"": ""은평구"", ""dongName"": ""불광동""}, ""exclusiveArea"": ""OVER_30"", ""option"": [""OPERATION_PERIOD"", ""PARKING""], ""includeSelf"": true, ""excludeSelf"": false, ""topK"": 50, ""isFranchise"": 0, ""salesTimeType"": 4}",hit
경기 광명시 덕안로104번길 17 6 0만원,200,0,72.1,2947,"{""totalAmount"": 0, ""monthlyAvgSales"": ""RANGE_30M_50M"", ""mainCategoryId"": [], ""subCategoryId"": [6], ""address"": {""sidoName"": ""경기"", ""gunName"": ""광명시"", ""dongName"": ""덕안로104번길""}, ""exclusiveArea"": ""ANY"", ""option"": [""OPERATION_PERIOD"", ""PARKING"", ""SALE_TIME_TYPE""], ""includeSelf"": true, ""excludeSelf"": false, ""topK"": 50, ""isFranchise"": 0, ""salesTimeType"": 0}",nonhit
서울 강서구 화곡동 899-31 42 60000000만원,200,1,64.4,811,"{""totalAmount"": 60000000, ""monthlyAvgSales"": ""RANGE_20M_30M"", ""mainCategoryId"": [], ""subCategoryId"": [42], ""address"": {""sidoName"": ""서울"", ""gunName"": ""강서구"", ""dongName"": ""화곡동""}, ""exclusiveArea"": ""ANY"", ""option"": [""OPERATION_PERIOD"", ""PARKING"", ""SALE_TIME_TYPE""], ""includeSelf"": true, ""excludeSelf"": false, ""topK"": 50, ""isFranchise"": 1, ""salesTimeType"": 0}",hit
전북 전주시 덕진구 무삼지2길 63 44000000만원,200,1,60.3,2169,"{""totalAmount"": 44000000, ""monthlyAvgSales"": ""RANGE_0_10M"", ""mainCategoryId"": [], ""subCategoryId"": [63], ""address"": {""sidoName"": ""전북"", ""gunName"": ""전주시"", ""dongName"": ""덕진구""}, ""exclusiveArea"": ""OVER_20"", ""option"": [""OPERATION_PERIOD"", ""PARKING"", ""SALE_TIME_TYPE""], ""includeSelf"": true, ""excludeSelf"": false, ""topK"": 50, ""isFranchise"": 0, ""salesTimeType"": 0}",hit
경기 평택시 고덕여염10길 23 42 70000000만원,200,1,76.3,2256,"{""totalAmount"": 70000000, ""monthlyAvgSales"": ""RANGE_20M_30M"", ""mainCategoryId"": [], ""subCategoryId"": [42], ""address"": {""sidoName"": ""경기"", ""gunName"": ""평택시"", ""dongName"": ""고덕여염10길""}, ""exclusiveArea"": ""OVER_30"", ""option"": [""OPERATION_PERIOD"", ""PARKING"", ""EMPLOYEE_TAKEOVER""], ""includeSelf"": true, ""excludeSelf"": false, ""topK"": 50, ""isFranchise"": 0, ""salesTimeType"": 4}",hit
경남 창원시 의창구 북면 동전로110번길 6 22000000만원,200,1,61.7,945,"{""totalAmount"": 22000000, ""monthlyAvgSales"": ""RANGE_0_10M"", ""mainCategoryId"": [], ""subCategoryId"": [6], ""address"": {""sidoName"": ""경남"", ""gunName"": ""창원시"", ""dongName"": ""의창구""}, ""exclusiveArea"": ""OVER_10"", ""option"": [""PARKING"", ""SALE_TIME_TYPE""], ""includeSelf"": true, ""excludeSelf"": false, ""topK"": 50, ""isFranchise"": 0, ""salesTimeType"": 0}",hit
경기 양주시 고읍남로39번길 85 33 30000000만원,200,0,83.4,2190,"{""totalAmount"": 30000000, ""monthlyAvgSales"": ""RANGE_0_10M"", ""mainCategoryId"": [], ""subCategoryId"": [33], ""address"": {""sidoName"": ""경기"", ""gunName"": ""양주시"", ""dongName"": ""고읍남로39번길""}, ""exclusiveArea"": ""OVER_10"", ""option"": [""OPERATION_PERIOD"", ""PARKING"", ""SALE_TIME_TYPE""], ""includeSelf"": true, ""excludeSelf"": false, ""topK"": 50, ""isFranchise"": 0, ""salesTimeType"": 0}",nonhit
광주 광산구 첨단중앙로182번길 90 15 95000000만원,200,1,77.4,1916,"{""totalAmount"": 95000000, ""monthlyAvgSales"": ""RANGE_10M_20M"", ""mainCategoryId"": [], ""subCategoryId"": [15], ""address"": {""sidoName"": ""광주"", ""gunName"": ""광산구"", ""dongName"": ""첨단중앙로182번길""}, ""exclusiveArea"": ""OVER_30"", ""option"": [""OPERATION_PERIOD"", ""PARKING"", ""EMPLOYEE_TAKEOVER"", ""SALE_TIME_TYPE""], ""includeSelf"": true, ""excludeSelf"": false, ""topK"": 50, ""isFranchise"": 0, ""salesTimeType"": 0}",hit
서울 노원구 광운로 33 39 70000000만원,200,1,78.7,2992,"{""totalAmount"": 70000000, ""monthlyAvgSales"": ""RANGE_50M_100M"", ""mainCategoryId"": [], ""subCategoryId"": [39], ""address"": {""sidoName"": ""서울"", ""gunName"": ""노원구"", ""dongName"": ""광운로""}, ""exclusiveArea"": ""OVER_30"", ""option"": [""OPERATION_PERIOD"", ""SALE_TIME_TYPE""], ""includeSelf"": true, ""excludeSelf"": false, ""topK"": 50, ""isFranchise"": 1, ""salesTimeType"": 0}",hit
경기 고양시 덕양구 백양로 13 37 60000000만원,200,1,63.4,793,"{""totalAmount"": 60000000, ""monthlyAvgSales"": ""RANGE_20M_30M"", ""mainCategoryId"": [], ""subCategoryId"": [37], ""address"": {""sidoName"": ""경기"", ""gunName"": ""고양시"", ""dongName"": ""덕양구""}, ""exclusiveArea"": ""OVER_10"", ""option"": [""OPERATION_PERIOD"", ""PARKING"", ""SALE_TIME_TYPE""], ""includeSelf"": true, ""excludeSelf"": false, ""topK"": 50, ""isFranchise"": 1, ""salesTimeType"": 0}",hit
서울 강동구 천호동 414 15 220000000만원,200,1,71.7,2779,"{""totalAmount"": 220000000, ""monthlyAvgSales"": ""RANGE_30M_50M"", ""mainCategoryId"": [], ""subCategoryId"": [15], ""address"": {""sidoName"": ""서울"", ""gunName"": ""강동구"", ""dongName"": ""천호동""}, ""exclusiveArea"": ""OVER_20"", ""option"": [""PARKING"", ""SALE_TIME_TYPE""], ""includeSelf"": true, ""excludeSelf"": false, ""topK"": 50, ""isFranchise"": 1, ""salesTimeType"": 0}",hit
충북 청주시 청원구 상당로 314 14 10000000만원,200,1,92.9,1233,"{""totalAmount"": 10000000, ""monthlyAvgSales"": ""RANGE_20M_30M"", ""mainCategoryId"": [], ""subCategoryId"": [14], ""address"": {""sidoName"": ""충북"", ""gunName"": ""청주시"", ""dongName"": ""청원구""}, ""exclusiveArea"": ""ANY"", ""option"": [""OPERATION_PERIOD"", ""PARKING"", ""SALE_TIME_TYPE""], ""includeSelf"": true, ""excludeSelf"": false, ""topK"": 50, ""isFranchise"": 0, ""salesTimeType"": 0}",hit
경기 하남시 감일동 41 105000000만원,200,1,58.4,2794,"{""totalAmount"": 105000000, ""monthlyAvgSales"": ""RANGE_30M_50M"", ""mainCategoryId"": [], ""subCategoryId"": [41], ""address"": {""sidoName"": ""경기"", ""gunName"": ""하남시"", ""dongName"": ""감일동""}, ""exclusiveArea"": ""OVER_20"", ""option"": [""OPERATION_PERIOD"", ""PARKING"", ""SALE_TIME_TYPE""], ""includeSelf"": true, ""excludeSelf"": false, ""topK"": 50, ""isFranchise"": 1, ""salesTimeType"": 0}",hit
경기 화성시 동탄순환대로 127-19 42 220000000만원,200,1,68.5,2088,"{""totalAmount"": 220000000, ""monthlyAvgSales"": ""RANGE_50M_100M"", ""mainCategoryId"": [], ""subCategoryId"": [42], ""address"": {""sidoName"": ""경기"", ""gunName"": ""화성시"", ""dongName"": ""동탄순환대로""}, ""exclusiveArea"": ""OVER_10"", ""option"": [""OPERATION_PERIOD"", ""PARKING"", ""SALE_TIME_TYPE""], ""includeSelf"": true, ""excludeSelf"": false, ""topK"": 50, ""isFranchise"": 1, ""salesTimeType"": 0}",hit
충북 청주시 흥덕구 덕암로 45 37 53000000만원,200,1,81.1,2035,"{""totalAmount"": 53000000, ""monthlyAvgSales"": ""RANGE_30M_50M"", ""mainCategoryId"": [], ""subCategoryId"": [37], ""address"": {""sidoName"": ""충북"", ""gunName"": ""청주시"", ""dongName"": ""흥덕구""}, ""exclusiveArea"": ""OVER_10"", ""option"": [""OPERATION_PERIOD"", ""PARKING"", ""EMPLOYEE_TAKEOVER"", ""SALE_TIME_TYPE""], ""includeSelf"": true, ""excludeSelf"": false, ""topK"": 50, ""isFranchise"": 0, ""salesTimeType"": 0}",hit
광주 남구 효천3로 103 42 130000000만원,200,1,62.3,1440,"{""totalAmount"": 130000000, ""monthlyAvgSales"": ""RANGE_20M_30M"", ""mainCategoryId"": [], ""subCategoryId"": [42], ""address"": {""sidoName"": ""광주"", ""gunName"": ""남구"", ""dongName"": ""효천3로""}, ""exclusiveArea"": ""OVER_40"", ""option"": [""OPERATION_PERIOD"", ""PARKING""], ""includeSelf"": true, ""excludeSelf"": false, ""topK"": 50, ""isFranchise"": 1, ""salesTimeType"": 4}",hit
부산 수영구 민락동 175-22 30 95000000만원,200,1,73.4,2556,"{""totalAmount"": 95000000, ""monthlyAvgSales"": ""RANGE_20M_30M"", ""mainCategoryId"": [], ""subCategoryId"": [30], ""address"": {""sidoName"": ""부산"", ""gunName"": ""수영구"", ""dongName"": ""민락동""}, ""exclusiveArea"": ""OVER_10"", ""option"": [""SALE_TIME_TYPE""], ""includeSelf"": true, ""excludeSelf"": false, ""topK"": 50, ""isFranchise"": 0, ""salesTimeType"": 0}",hit
서울 서대문구 홍은동 409-25 41 35000000만원,200,1,55.3,2160,"{""totalAmount"": 35000000, ""monthlyAvgSales"": ""RANGE_30M_50M"", ""mainCategoryId"": [], ""subCategoryId"": [41], ""address"": {""sidoName"": ""서울"", ""gunName"": ""서대문구"", ""dongName"": ""홍은동""}, ""exclusiveArea"": ""OVER_10"", ""option"": [""OPERATION_PERIOD"", ""PARKING"", ""SALE_TIME_TYPE""], ""includeSelf"": true, ""excludeSelf"": false, ""topK"": 50, ""isFranchise"": 1, ""salesTimeType"": 0}",hit
광주 광산구 월계로 169 30 100000000만원,200,1,84.5,2669,"{""totalAmount"": 100000000, ""monthlyAvgSales"": ""RANGE_50M_100M"", ""mainCategoryId"": [], ""subCategoryId"": [30], ""address"": {""sidoName"": ""광주"", ""gunName"": ""광산구"", ""dongName"": ""월계로""}, ""exclusiveArea"": ""OVER_10"", ""option"": [""OPERATION_PERIOD"", ""PARKING"", ""EMPLOYEE_TAKEOVER"", ""SPECIAL_COMMERCIAL"", ""SALE_TIME_TYPE""], ""includeSelf"": true, ""excludeSelf"": false, ""topK"": 50, ""isFranchise"": 0, ""salesTimeType"": 0}",hit
경남 합천군 42 223760000만원,200,1,67.0,987,"{""totalAmount"": 223760000, ""monthlyAvgSales"": ""RANGE_30M_50M"", ""mainCategoryId"": [], ""subCategoryId"": [42], ""address"": {""sidoName"": ""경남"", ""gunName"": ""합천군"", ""dongName"": """"}, ""exclusiveArea"": ""OVER_30"", ""option"": [""OPERATION_PERIOD"", ""PARKING""], ""includeSelf"": true, ""excludeSelf"": false, ""topK"": 50, ""isFranchise"": 1, ""salesTimeType"": 4}",hit
부산 수영구 민락수변로17번길 56 15 120000000만원,200,1,76.4,2463,"{""totalAmount"": 120000000, ""monthlyAvgSales"": ""RANGE_20M_30M"", ""mainCategoryId"": [], ""subCategoryId"": [15], ""address"": {""sidoName"": ""부산"", ""gunName"": ""수영구"", ""dongName"": ""민락수변로17번길""}, ""exclusiveArea"": ""OVER_10"", ""option"": [""OPERATION_PERIOD"", ""PARKING"", ""EMPLOYEE_TAKEOVER"", ""SPECIAL_COMMERCIAL"", ""SALE_TIME_TYPE""], ""includeSelf"": true, ""excludeSelf"": false, ""topK"": 50, ""isFranchise"": 0, ""salesTimeType"": 0}",hit
인천 남동구 논현로46번길 51 35 110000000만원,200,1,57.7,2705,"{""totalAmount"": 110000000, ""monthlyAvgSales"": ""RANGE_20M_30M"", ""mainCategoryId"": [], ""subCategoryId"": [35], ""address"": {""sidoName"": ""인천"", ""gunName"": ""남동구"", ""dongName"": ""논현로46번길""}, ""exclusiveArea"": ""OVER_40"", ""option"": [""OPERATION_PERIOD"", ""PARKING"", ""EMPLOYEE_TAKEOVER""], ""includeSelf"": true, ""excludeSelf"": false, ""topK"": 50, ""isFranchise"": 1, ""salesTimeType"": 4}",hit
경기 고양시 일산동구 강송로 33 15 230000000만원,200,1,54.7,1900,"{""totalAmount"": 230000000, ""monthlyAvgSales"": ""RANGE_50M_100M"", ""mainCategoryId"": [], ""subCategoryId"": [15], ""address"": {""sidoName"": ""경기"", ""gunName"": ""고양시"", ""dongName"": ""일산동구""}, ""exclusiveArea"": ""OVER_40"", ""option"": [""OPERATION_PERIOD"", ""SPECIAL_COMMERCIAL"", ""SALE_TIME_TYPE""], ""includeSelf"": true, ""excludeSelf"": false, ""topK"": 50, ""isFranchise"": 1, ""salesTimeType"": 0}",hit
인천 부평구 백운로 49 63 25000000만원,200,1,83.5,2998,"{""totalAmount"": 25000000, ""monthlyAvgSales"": ""RANGE_0_10M"", ""mainCategoryId"": [], ""subCategoryId"": [63], ""address"": {""sidoName"": ""인천"", ""gunName"": ""부평구"", ""dongName"": ""백운로""}, ""exclusiveArea"": ""OVER_10"", ""option"": [""OPERATION_PERIOD"", ""AUTO_OPERATE"", ""PARKING"", ""SALE_TIME_TYPE""], ""includeSelf"": true, ""excludeSelf"": false, ""topK"": 50, ""isFranchise"": 0, ""salesTimeType"": 0}",hit
경기 광명시 철산로 36 27 200000000만원,200,1,66.7,632,"{""totalAmount"": 200000000, ""monthlyAvgSales"": ""RANGE_30M_50M"", ""mainCategoryId"": [], ""subCategoryId"": [27], ""address"": {""sidoName"": ""경기"", ""gunName"": ""광명시"", ""dongName"": ""철산로""}, ""exclusiveArea"": ""OVER_40"", ""option"": [""OPERATION_PERIOD"", ""PARKING""], ""includeSelf"": true, ""excludeSelf"": false, ""topK"": 50, ""isFranchise"": 1, ""salesTimeType"": 4}",hit
부산 부산진구 동성로39번길 11 30 58000000만원,200,1,101.1,1634,"{""totalAmount"": 58000000, ""monthlyAvgSales"": ""RANGE_50M_100M"", ""mainCategoryId"": [], ""subCategoryId"": [30], ""address"": {""sidoName"": ""부산"", ""gunName"": ""부산진구"", ""dongName"": ""동성로39번길""}, ""exclusiveArea"": ""OVER_20"", ""option"": [""SALE_TIME_TYPE""], ""includeSelf"": true, ""excludeSelf"": false, ""topK"": 50, ""isFranchise"": 0, ""salesTimeType"": 0}",hit
서울 종로구 경교장길 35 37 800000만원,200,0,77.1,3124,"{""totalAmount"": 800000, ""monthlyAvgSales"": ""RANGE_0_10M"", ""mainCategoryId"": [], ""subCategoryId"": [37], ""address"": {""sidoName"": ""서울"", ""gunName"": ""종로구"", ""dongName"": ""경교장길""}, ""exclusiveArea"": ""OVER_20"", ""option"": [""OPERATION_PERIOD"", ""PARKING"", ""SALE_TIME_TYPE""], ""includeSelf"": true, ""excludeSelf"": false, ""topK"": 50, ""isFranchise"": 1, ""salesTimeType"": 0}",nonhit
부산 금정구 남산동 481-3 15 22000000만원,200,1,59.4,669,"{""totalAmount"": 22000000, ""monthlyAvgSales"": ""RANGE_10M_20M"", ""mainCategoryId"": [], ""subCategoryId"": [15], ""address"": {""sidoName"": ""부산"", ""gunName"": ""금정구"", ""dongName"": ""남산동""}, ""exclusiveArea"": ""OVER_10"", ""option"": [""OPERATION_PERIOD"", ""SALE_TIME_TYPE""], ""includeSelf"": true, ""excludeSelf"": false, ""topK"": 50, ""isFranchise"": 0, ""salesTimeType"": 0}",hit
충남 당진시 남산공원길 71-7 35 103000000만원,200,1,95.7,849,"{""totalAmount"": 103000000, ""monthlyAvgSales"": ""RANGE_20M_30M"", ""mainCategoryId"": [], ""subCategoryId"": [35], ""address"": {""sidoName"": ""충남"", ""gunName"": ""당진시"", ""dongName"": ""남산공원길""}, ""exclusiveArea"": ""OVER_40"", ""option"": [""PARKING""], ""includeSelf"": true, ""excludeSelf"": false, ""topK"": 50, ""isFranchise"": 0, ""salesTimeType"": 2}",hit
광주 북구 용봉동 1224-6 15 25000000만원,200,1,65.4,2501,"{""totalAmount"": 25000000, ""monthlyAvgSales"": ""RANGE_20M_30M"", ""mainCategoryId"": [], ""subCategoryId"": [15], ""address"": {""sidoName"": ""광주"", ""gunName"": ""북구"", ""dongName"": ""용봉동""}, ""exclusiveArea"": ""ANY"", ""option"": [""OPERATION_PERIOD"", ""PARKING"", ""SALE_TIME_TYPE""], ""includeSelf"": true, ""excludeSelf"": false, ""topK"": 50, ""isFranchise"": 1, ""salesTimeType"": 0}",hit
경기 화성시 반송동 220-1 6 80000000만원,200,1,69.3,314,"{""totalAmount"": 80000000, ""monthlyAvgSales"": ""OVER_100M"", ""mainCategoryId"": [], ""subCategoryId"": [6], ""address"": {""sidoName"": ""경기"", ""gunName"": ""화성시"", ""dongName"": ""반송동""}, ""exclusiveArea"": ""OVER_10"", ""option"": [""OPERATION_PERIOD"", ""SALE_TIME_TYPE""], ""includeSelf"": true, ""excludeSelf"": false, ""topK"": 50, ""isFranchise"": 0, ""salesTimeType"": 0}",hit
